Net lending/borrowing (also referred as overall balance) (% of GDP),Country code,1990,1991,1992,1993,1994,1995,1996,1997,1998,1999,2000,2001,2002,2003,2004,2005,2006,2007,2008,2009,2010,2011,2012,2013,2014,2015,2016,2017,2018,2019,2020,2021,2022,2023,2024,2025,2026,2027,2028,2029,2030
Afghanistan,AFG,,,,,,,,,,,,,-0.098458076,-2.101669236,-2.392838255,-0.917107415,0.683695765,-2.461719388,-3.863593792,-1.76059209,0.933343625,-0.671821698,0.182057052,-0.63094557,-1.718796808,-1.377700329,0.127257984,-0.673105906,1.63419574,-1.058081118,-2.242799393,-0.484938818,-0.997336717,-1.329703504,-0.540070474,,,,,,
Albania,ALB,,,,,,,,-11.9020449,-9.925556476,-8.841427942,-7.772064132,-6.83716591,-6.211610794,-5.006109116,-5.162748126,-3.457787955,-3.263216216,-3.179136855,-4.884198091,-6.586478234,-3.520121859,-3.516311953,-3.440600383,-5.215218883,-5.457544155,-4.317810633,-1.497589914,-1.405554028,-1.596850671,-1.921215969,-6.665139896,-4.57113676,-3.638837373,-1.318778126,-0.724550684,-1.72332071,-1.902551972,-1.914404365,-1.884641151,-1.839350088,-1.746525977
Algeria,DZA,3.350608003,1.525128803,-1.048070576,-7.790027579,-4.050915261,-1.297940937,2.698174875,2.191555781,-3.520114996,-1.830808199,8.912596973,3.15186109,0.214924557,7.21715486,6.36317999,11.4313255,12.86888166,4.627705277,7.785620807,-6.529444661,-1.347212296,-1.058276247,-4.036427829,-0.78829315,-7.144960999,-13.87860867,-11.84700831,-7.547024306,-6.154000788,-8.508545731,-10.5181947,-6.316661979,-2.962500014,-5.515725247,-13.79127157,-11.54317147,-12.1757549,-10.82421644,-10.44745957,-9.201103112,-9.221710182
Andorra,AND,,,,,,,,,,,,0.657774718,0.977651404,1.764419603,1.854838389,-0.08142709,-1.435979671,-2.828197901,-3.191714902,-3.509616299,-0.34865241,0.404676959,-1.653065153,3.360411427,2.142889023,1.653796916,4.06812433,3.33796362,2.670696669,2.305909298,-1.064946273,-1.166473768,4.843595533,2.148243147,2.863737572,2.472804632,2.484431773,2.268656469,2.435611158,2.310685274,2.350166836
Angola,AGO,,,,,,,4.492796384,-0.231554992,-5.102706949,-8.095645522,2.021409332,2.804728963,-2.244911361,-4.102132275,1.032485213,6.403893388,8.415090369,3.853129237,-3.795655616,-6.795681776,2.977498083,7.195411138,3.684622369,-0.27010041,-5.068611124,-2.574526598,-3.982969973,-5.74731467,2.029861371,0.692608604,-1.65885612,3.39851185,0.584417508,-1.829715707,-1.009150286,-2.758851235,-2.988778294,-2.949288814,-2.61488919,-2.548131372,-2.389722818
Anguilla,AIA,,,,,,,,,,,-1.336539296,-2.701345892,-0.975093985,1.133992437,-3.073338245,-2.533095311,1.018821385,-1.628355486,-2.117519107,-8.472939388,0.050225902,2.758950535,1.532460664,0.666342476,2.529326385,0.438124692,-0.365393955,0.564257604,0.135211658,2.862774178,1.493285946,6.770525694,11.4132494,11.82680539,8.807900952,-1.284870818,4.553462896,7.097746144,7.40900941,7.709194227,8.068686406
Antigua and Barbuda,ATG,0.123090968,-3.910269959,-0.811756763,-2.445356777,-4.33278858,-3.890718829,-1.611182976,0,-1.620369469,-3.076307477,-4.503027544,-8.57568364,-8.829396929,-7.321957795,-3.901426551,-4.29427979,-6.624500473,-4.97875187,-4.715658409,-15.80093641,-0.24492026,-3.090442776,-0.974524713,-3.829145195,-2.601450417,-2.417591976,-0.140269674,-2.717072496,-2.429782412,-3.640187399,-6.226772467,-4.519801457,-2.842982015,-1.697960574,1.612510787,0.959304245,-0.88012558,-0.737540644,-0.588627667,-0.571801983,-0.527661926
Argentina,ARG,,,,-0.024283554,-1.249802355,-2.074606161,-2.810610432,-1.837621355,-1.827434359,-3.705086124,-3.416751183,-5.364146344,-1.910149902,1.500146081,3.96689503,3.340623023,1.650070275,0.756974472,0.351972892,-1.830044406,-1.393454664,-2.74564846,-3.0180556,-3.253828427,-4.252429085,-6.000558031,-6.654668983,-6.693341132,-5.44114523,-4.444757668,-8.674071393,-4.332951929,-3.836385093,-5.32958909,0.457864697,0.387794419,0.342910699,0.800152786,0.936393856,0.902916173,0.785382874
Armenia,ARM,,,,,,,,,,,,,,,,-1.97631943,-1.95039657,-2.334230983,-1.756524471,-7.686464728,-4.979424966,-2.874852425,-1.493404369,-1.592885554,-1.942693084,-4.836849405,-5.632308736,-4.78505359,-1.751595329,-0.977300943,-5.402747224,-4.583519606,-2.110976998,-2.018774277,-3.689730362,-5.508721921,-4.498202912,-3.825676727,-3.295259441,-3.004149043,-2.657493418
Aruba,ABW,,,,,,-0.833616787,-2.343489879,-2.102130422,0.113932757,0.08559493,0.644935622,-0.835327199,-3.168730937,1.896118784,-8.530897958,-2.957019251,-2.541460392,-1.045858284,1.465953339,-2.631135324,-3.486733734,-6.42893376,-8.954926726,-6.047697554,-7.458532182,-1.475284745,-1.454977006,-2.587021678,-2.641022832,-0.246096363,-16.9077386,-9.956231644,-0.504643769,3.085603427,3.768851693,1.401848635,1.221455339,1.061670352,1.019551639,1.031938365,1.041225865
Australia,AUS,-0.231643838,-2.78817428,-4.744808594,-4.726686937,-3.792721465,-2.602604828,-1.455920554,-0.493010611,-0.245723883,0.665712522,1.250383676,-0.030253707,0.19255546,1.050787353,1.323116351,1.706785866,1.771433022,1.47439773,-1.100685951,-4.562863154,-5.115679293,-4.525956454,-3.508774823,-2.810000714,-2.918208139,-2.786476187,-2.42432794,-1.718027996,-1.258815536,-4.410081246,-8.729963702,-6.367823231,-2.21331023,-1.267582148,-2.249711495,-2.729508895,-2.308093157,-1.916187552,-1.777862351,-1.626907438,-1.552907426
Austria,AUT,-2.584167932,-2.961805585,-2.148444982,-4.566937755,-5.040989497,-6.174326577,-4.381082274,-2.383763441,-2.683416072,-2.628158471,-2.074862952,-0.712484154,-1.425665262,-1.838712112,-4.94093124,-2.588020844,-2.608545893,-1.560581868,-1.571718254,-5.380507702,-4.464877814,-2.481770442,-2.176636362,-1.992579509,-1.923278486,-0.476491851,-1.451362895,-0.775670994,0.19518091,0.536002919,-8.204452118,-5.693543174,-3.306418599,-2.619885433,-4.643316126,-4.247908044,-3.884074315,-3.732948294,-3.556835913,-3.582652969,-3.587653989
Azerbaijan,AZE,,,,,3.205108016,-1.340088106,-2.253199341,-0.93696833,1.63119009,-1.032786477,0.144727517,21.76404562,19.39308714,1.604626259,1.781438087,2.740818919,0.662965133,2.33710871,17.19381939,5.856568808,13.83124453,10.85964091,3.705480028,1.643475099,2.742339379,-4.833042593,-1.169922061,-1.342225689,5.429018068,8.954855927,-6.44035261,4.205292786,5.963105133,7.920721955,4.056867766,-1.911317001,-1.995603355,-1.887642197,-1.66071823,-1.436246544,-1.329008391
"Bahamas, The",BHS,-2.643971527,-2.289127573,-2.231197883,-1.054192999,-0.389927384,0.175786765,-0.150162888,-1.55558223,-0.411934184,1.679885847,0.090769665,0.29797426,-1.615081106,-1.629713467,-1.927426585,-1.109158288,-0.431424362,-0.756624784,-0.827968979,-2.4530152,-2.555487428,-2.87195785,-3.154163519,-5.157879244,-4.377085726,-3.238217608,-2.609704125,-5.915074472,-3.236547139,-1.65153508,-8.09124324,-11.08919714,-5.162359247,-3.492932614,-1.179396367,-0.752603282,-0.61664022,-0.586879589,-0.476557453,-0.091123943,0.027687574
Bahrain,BHR,-6.788007987,-3.467783906,-5.405337204,-2.765784572,-5.17710713,-3.98847199,0.242215022,-6.386575227,-5.491379584,-4.849368105,7.327271469,0.695393229,-3.272278377,-1.703042969,0.23689508,2.795563658,2.242465006,1.52149519,4.083106142,-5.358531684,-9.285842991,-4.901220545,-5.765648744,-8.545164273,-3.318628946,-17.46163968,-16.57913993,-13.37697284,-11.27566493,-8.566521934,-17.30468692,-10.57015458,-6.024186772,-9.674780027,-10.61581399,-10.69620955,-9.877359147,-9.421285761,-9.54918903,-9.518492681,-9.662387746
Bangladesh,BGD,-0.153149058,0.442274508,0.355790684,0.426016452,0.032056048,-0.376739331,-2.014710377,-1.940527594,-2.196612848,-1.349645487,-2.495755872,-3.439108826,-2.304819079,-1.957904162,-2.207668024,-2.398161728,-2.147528073,-1.86386098,-3.364729062,-2.679681507,-2.233345862,-2.964583095,-2.556051327,-2.856794877,-2.619012618,-3.289744759,-3.162914558,-4.166970951,-4.068500194,-5.408185284,-4.840447187,-3.555291077,-4.527664664,-4.387785479,-3.694876981,-3.790186347,-3.940205187,-4.454899363,-4.963198641,-4.997090602,-5.133217106
Barbados,BRB,,,,,6.721087084,6.224077527,3.755822764,5.643486138,6.026649582,5.392619932,4.941860471,4.065881932,-5.283451444,-3.082318699,-2.972709628,-3.028239544,-3.408736133,-4.335199669,-4.102604533,-6.560607575,-7.550068313,-3.626351197,-7.074631594,-8.982347289,-6.568235764,-8.1649827,-4.882041732,-3.887235593,-0.344721543,3.083451645,-4.156200333,-4.651986725,-1.957238219,-1.714913037,-0.890418876,-0.343813829,0.069886294,0.283393485,0.290216853,0.473090263,0.524389803
Belarus,BLR,,,,,,,,,,,,-4.738411381,-7.807180093,-6.739276111,-7.063404255,-6.706171323,-7.705104203,-7.820929775,-10.90631239,-7.231963268,-4.186628048,-2.805920045,0.359824811,-0.981959041,0.092110405,-2.963639129,-1.659082683,-0.336524545,1.804798377,0.909551694,-2.870345608,-0.222817167,-1.976024296,0.758292243,1.047327852,0.79985522,1.161650967,1.031664621,0.918753913,1.010444243,1.027466299
Belgium,BEL,-6.992698688,-7.67209417,-8.419807912,-7.708478406,-5.287615881,-4.508527721,-4.002557306,-2.151262154,-1.025259646,-0.648348383,-0.079570631,0.232659315,-0.043549066,-1.864146998,-0.238528401,-2.715159804,0.239580995,0.066643579,-1.095402041,-5.447539074,-4.133332599,-4.441487325,-4.348397674,-3.163573794,-3.175136248,-2.475345215,-2.430992352,-0.763179735,-1.048331636,-2.04798872,-9.034609164,-5.401869787,-3.61976903,-4.096094948,-4.519654389,-5.528125081,-5.484394463,-5.606943053,-5.860282015,-6.14046215,-6.402574564
Belize,BLZ,,,,,,,-1.762220464,-1.807476237,-2.689487134,-6.512118743,-6.682499695,-7.234462037,-5.406545588,-8.411273663,-4.521919228,-3.703042333,-2.270219273,-0.187200675,1.253341932,-2.463511283,-1.903363526,-1.055774303,-0.223679217,-1.208390504,-1.72372759,-5.143062908,-4.47274636,-3.48094765,-1.36647748,-2.902252728,-8.566631019,-3.290641574,-1.043235874,-2.424285169,-1.230746243,-1.130482677,-1.511295169,-1.812683312,-1.703861447,-1.604186216,-1.546310103
Benin,BEN,-2.373390555,-2.251836156,-1.983949184,-0.413379827,-1.56626089,-1.913124195,-0.108263045,0.468233153,1.832176761,1.944146944,-3.692199256,-3.269426664,-3.329892397,-1.072040365,-0.704772656,-1.523283516,-0.146542915,0.222004233,-0.040904611,-2.241002705,-0.275538513,-0.981309004,-0.215565666,-1.365033987,-1.650544396,-5.552835897,-4.288630665,-4.180999389,-2.958164481,-0.528388796,-4.681770031,-5.708796967,-5.554597428,-4.129498784,-3.06404866,-2.9,-2.9,-2.9,-2.9,-2.9,-2.9
Bhutan,BTN,-7.214599905,-0.481212647,-3.470868576,4.707196343,-0.128960316,-0.884772401,2.554131886,-1.915705039,1.277011175,-1.280828312,-3.390786914,-12.16931354,-4.331855162,-10.21266836,1.800349594,-6.961596337,-0.073499299,0.792763004,-2.565681598,-0.801303145,1.922749949,-3.024263827,-2.102156551,-4.545432542,2.456005598,-0.489793824,-2.30885341,-4.491891906,-1.5189518,-1.485664255,-1.806711059,-5.760397511,-6.95151526,-4.7262195,-0.165749697,-2.634618659,-4.434529625,-3.752637343,-4.281076289,-4.644582771,-3.841981656
Bolivia,BOL,-4.400000581,-4.200000009,-4.399999998,-6.099999932,-3.000000017,-1.816584448,-1.900000016,-3.280902657,-5.1,-3.836567058,-3.728130401,-6.819600146,-8.788018921,-7.875395133,-5.543419582,-2.244734708,4.469895705,-1.540037581,3.527628866,2.63013476,1.623823975,0.831387469,1.715440294,0.595398383,-3.410162331,-6.934919635,-7.243425006,-7.855016811,-8.172229794,-7.249327147,-12.72208399,-9.329100622,-7.121846372,-10.94492428,-10.61816195,-13.11699083,-14.1463631,-15.53332644,-16.71549934,-17.97792487,-18.85422486
Bosnia and Herzegovina,BIH,,,,,,,,,-0.977899325,-2.782004805,-4.625059175,-3.443100949,-2.987729876,-0.442403367,-0.183507254,0.740048196,2.081697704,0.168840378,-3.822738519,-5.341506098,-4.057752111,-2.727537372,-2.68184621,-1.280033091,-2.86645666,-0.194224025,0.341746864,1.789494495,1.631880191,1.367679992,-4.501582664,-0.17668334,0.149044573,-1.670973721,-1.880979882,-2.47373126,-2.732239788,-2.695629313,-2.607362164,-2.57162471,-2.552484409
Botswana,BWA,,,,,,,,,,6.184570976,8.948543416,-2.964400734,-4.02249122,-0.180257435,1.41829536,10.71121397,13.71568278,5.918588916,-7.59126934,-14.41982371,-8.355128684,-0.11670365,0.915195726,6.070143283,3.884206387,-5.062025462,0.716520386,-1.155323968,-5.073155835,-8.431340837,-11.45466137,-2.455349683,-0.006031468,-4.247992112,-7.820594217,-10.3328336,-8.999280914,-7.480685963,-6.969284943,-6.461883612,-6.750217792
Brazil,BRA,,,,,,,,,,,,-3.4680444,-4.148522543,-5.400685773,-2.954995307,-3.36357468,-4.868438831,-2.660190209,-2.392971338,-4.230458677,-3.553745056,-2.741326509,-2.351326054,-3.422132665,-6.274931659,-9.281377059,-7.990614069,-7.969671334,-6.990138178,-4.858526203,-11.63688809,-2.630748878,-3.964695646,-7.712440135,-6.190123751,-8.404364766,-7.54053594,-6.007386817,-5.130110366,-4.797113726,-4.624772283
Brunei Darussalam,BRN,-1.625940897,-1.060537545,-8.282163266,-12.77183236,-22.55016687,-19.79362405,-8.703672178,-11.79260604,-23.99687994,-18.25492547,6.859546083,2.585291607,-4.613498703,8.060858758,8.565276269,16.00927015,19.78013926,3.118779324,36.14025684,3.610009678,7.612424974,25.63174642,15.78602258,13.02531938,3.575748697,-14.52268376,-21.68043644,-10.39666507,-3.587102646,-3.688965868,-15.77246908,-8.164442898,2.531329158,-10.86193879,-10.19841266,-11.07399919,-11.45954356,-10.93448829,-10.79241541,-9.989285876,-9.34967378
Bulgaria,BGR,,,,,,,,,1.083645458,0.150669235,-0.604752803,-0.580088456,-0.61432026,0.002552001,1.593250814,2.187148295,3.22108651,3.086315595,2.731505396,-0.855506206,-3.769372639,-1.83379143,-0.434166634,-1.751551412,-3.651850699,-2.77458465,1.539685331,0.823442885,0.123103238,-0.961117571,-2.916552051,-2.801106684,-0.800242614,-3.033706735,-3.038250519,-3.411806343,-3.481790532,-3.622885934,-3.329754886,-3.140048164,-3.13784884
Burkina Faso,BFA,-7.535957507,-2.771556458,-2.509119285,-3.810411981,-1.88707663,-2.645588122,-1.666069792,-2.642848881,-2.597693741,-3.286904208,-3.027830265,-3.557443584,-4.432617637,-1.789912827,-4.194054415,-4.889532822,14.34567379,-5.014919427,-3.62731448,-4.160443428,-4.058343741,-2.039418509,-2.76326957,-3.547978636,-1.737416156,-2.089716888,-3.082403548,-6.918727722,-4.434287455,-3.38674105,-5.159541865,-7.449626809,-10.88904516,-6.911613532,-5.83599488,-4,-3.5,-3.044,-3,-3,-3
Burundi,BDI,8.13862794,4.141386075,-4.163913299,-1.219058588,-1.76155127,-3.716604581,-8.614674504,-4.481088531,-4.433695207,-5.3272575,-5.662044463,-7.778622264,-4.897835293,-13.70158606,-14.86524542,-10.55558277,-9.92376714,-2.510488923,-2.704250223,-5.144892602,-3.637291735,-3.490980521,-3.79388297,-1.89891993,-3.929128776,-7.559298915,-7.111496679,-5.006278457,-6.658993932,-6.40221782,-6.578815234,-4.599241326,-10.73081863,-7.697430382,-4.838952807,-5.138901628,-4.82645633,-4.888285489,-5.003458898,-4.597074078,-4.985888155
Cabo Verde,CPV,,,,,-12.77862642,-11.13079032,-11.21529214,-10.18217515,-3.161684686,-10.87090593,-15.53180867,-5.028808702,-6.13897267,-3.626661306,-2.978997075,-4.692836845,-4.315976661,-0.863493283,-1.4150242,-5.319511338,-9.596677752,-6.975537967,-9.363887359,-8.489741221,-6.933502566,-4.156998755,-2.728432,-2.634577724,-2.363837441,-1.61721658,-9.293278106,-7.512191976,-4.250894892,-0.277533998,-1.066138479,-1.583834039,-0.890471812,-0.373512949,-0.102941972,-0.046073384,-0.084516476
Cambodia,CAM,,,,,,,-7.530830607,-3.704172493,-5.354178111,-3.792611002,-4.763127153,-4.945723235,-6.073134689,-5.69372479,-3.231311516,-0.342183455,-0.150161656,0.619924486,0.427785527,-3.977641061,-3.090013578,-3.756878699,-3.567304765,-2.011461246,-1.244786943,-0.647250351,-0.292037206,-0.763289179,0.277744444,2.188012372,-2.528222172,-5.17721008,-0.293580938,-2.828257727,-2.674266656,-3.69823979,-3.837030122,-3.541282223,-3.318532626,-3.274155012,-3.195456957
Cameroon,CMR,,,,,,,,,,,1.544522093,0.861348195,1.506626734,0.560200735,-0.455788725,3.029455591,28.21389827,3.873770577,2.000034814,-0.04070747,-0.932373992,-2.258001678,-1.395956958,-3.554624394,-4.087364833,-4.24571325,-5.881134409,-4.72473822,-2.407988286,-3.243734199,-3.188162803,-3.007532748,-1.111692555,-0.634921749,-1.481009919,-0.839100103,-1.153681036,-1.170317854,-1.066083754,-1.171086985,-1.229152655
Canada,CAN,-5.911422126,-8.359398267,-9.199149263,-8.934764945,-6.935977535,-5.489640113,-3.05256596,0.038702165,0.142682776,1.655576247,2.639703961,0.529468967,-0.233895789,-0.126957865,0.767669538,1.553120098,1.827604363,1.819655807,0.184425129,-3.881351769,-4.737558582,-3.308732553,-2.524517007,-1.494705998,0.17489616,-0.061845591,-0.453164226,-0.112442955,0.359891308,-0.01728935,-10.9490675,-3.05712003,0.555641297,0.071954217,-2.013998423,-2.21965749,-2.426635565,-2.129551201,-2.044719111,-1.668759689,-1.461524751
Central African Republic,CAF,-6.59760348,-7.996194502,-7.326653765,-5.663068802,-7.573890851,-4.840336162,-1.059028696,-1.565362105,0.000947647,-0.49596201,-2.008457305,-0.876156961,-1.189831433,-3.063012966,-1.737740792,-4.366567234,8.583724637,1.043556485,-1.230862628,-0.543521079,-1.347029142,-2.148959178,-0.776164769,-2.303628503,-3.016623017,-0.534997447,1.167546974,-0.995493505,-0.929751245,1.326308846,-3.23719749,-5.801617231,-5.227725383,-3.436032816,-5.084700447,-2.455124241,0.029310777,0.311889867,0.667644054,-1.948723164,-1.253551367
Chad,TCD,,,,,,-3.123791446,-2.860703148,-2.579028913,-1.730417908,-4.069054785,-4.681241268,-3.534653381,-4.079120634,-4.315226579,-1.84001317,-0.052775768,1.703206276,2.018346795,2.816626614,-8.44414443,-3.157813847,1.745981254,0.328580501,-1.502409238,-3.220531525,-3.293249531,-1.511003657,-0.175953317,1.386939853,-0.110716006,1.235357602,-1.293099086,3.786787144,-1.257349399,-2.111848036,-1.456222253,-2.3887249,-2.155260862,-1.151427603,-0.861112268,-0.662607145
Chile,CHL,2.24057585,1.535322927,2.093700174,1.409528086,1.434757198,3.094519894,2.070818167,2.039141752,0.390147555,-2.017836718,-0.692843284,-0.494623825,-1.170689969,-0.415501044,2.050663764,4.568037245,7.509081047,7.954877552,3.930457667,-4.258969062,-0.362720107,1.426790725,0.682343278,-0.470273938,-1.496369799,-2.088512587,-2.660616391,-2.627531098,-1.482222522,-2.730522534,-7.095296374,-7.525036176,1.360194515,-2.2739335,-2.815110596,-2.055123578,-1.465300041,-1.165515777,-0.848156211,-0.86532581,-0.892599966
"China, People's Republic of",CHN,-0.717465241,-1.036732213,-1.216603502,-0.888963968,-1.676444044,-0.943927904,-0.733140712,-0.725882739,-1.075739036,-2.295672035,-2.811463742,-2.561827647,-2.843221393,-2.360139609,-1.489298313,-1.380091863,-1.126060307,0.058016338,-0.02436872,-1.721318081,-0.355777872,-0.09639114,-0.29673385,-0.822663048,-0.671716502,-2.499951608,-3.326400681,-3.338694381,-4.201789603,-6.004814895,-9.563182083,-5.901650464,-7.318963871,-6.707992104,-7.343185468,-8.573107862,-8.511191944,-8.38439864,-8.220402358,-8.040663633,-7.985567609
Colombia,COL,-0.405866123,0.349416905,-0.066866241,-0.239768753,-0.137915908,-0.998152454,-2.493868941,-3.225456464,-3.862567258,-5.365070977,-2.935578379,-2.707566698,-3.45079738,-2.701269374,-1.310571281,-0.020771191,-0.992650981,-0.819777005,0.041817672,-2.674047345,-3.302773297,-1.992978459,0.15478365,-1.020743069,-1.744077029,-3.520222725,-2.273954363,-2.495521245,-4.667652038,-3.481780712,-7.124946022,-7.25793537,-6.337802812,-2.923399839,-6.246175963,-6.906774035,-5.722684328,-4.05579718,-2.719200037,-2.333127262,-2.170680058
Comoros,COM,-1.029026249,-2.25590346,-1.990342916,1.273550279,-3.700131207,-4.129123566,-3.425740498,-1.300216295,-2.003475462,-0.456201453,-1.138061697,-2.128167632,-2.145590435,-2.045397099,-0.979899748,-1.413784559,-1.506793926,-1.179359699,-1.46445637,0.359637894,4.204039401,0.861227187,1.961578352,10.48854181,-0.328023758,2.59819223,-5.520385051,-0.09776029,-1.346950471,-4.295125147,-0.516296471,-2.813701801,-3.93174615,-1.339515692,-2.919122901,-1.718386039,-1.657981435,-1.842951832,-2.026294944,-1.22019127,-1.002955957
"Congo, Dem. Rep. of the",COD,,,,,,,-0.561980951,-1.055730252,-1.548478036,-1.348249248,-1.85254483,-1.126910205,0.893774718,-3.922823837,-0.166989605,1.300280522,1.96570829,1.118657687,-0.412201729,0.91763867,-0.948511581,-0.943103144,1.713520985,3.279594745,3.731656301,-1.353943416,-0.925586858,-0.052454128,-1.338939571,-3.165141312,-3.171956376,-1.678778644,-1.00524057,-1.653752126,-1.477999567,-2.20968382,-1.574562618,-1.508569458,-1.485012453,-1.633647353,-1.390477802
"Congo, Republic of ",COG,-4.103315379,-11.19545205,-12.68441324,-11.30642929,-10.62698922,-6.379538956,9.195060399,3.667710097,-5.159991398,-4.745997859,1.046864035,-0.705858267,-7.341981696,0.365582583,3.325541757,13.40279368,15.95727855,8.986431279,23.89676581,4.755979122,15.51710743,16.06509503,7.235995846,-2.849273704,-10.73220658,-17.80514785,-14.54225268,-5.570996107,5.221873982,4.303832358,-1.104885442,1.629394878,8.94412234,5.805340953,3.615402581,3.231438322,2.235049465,3.641682379,4.860285706,5.164049279,5.173482958
Costa Rica,CRI,-4.403627592,-2.410503222,-1.513649672,-1.522541926,-5.461608235,-3.683910225,-4.322043805,-3.390160076,-2.96482605,-2.881497598,-3.683747844,-3.470523624,-4.992425787,-3.432176192,-3.415232679,-2.09117063,-1.042791132,0.558234422,0.18214316,-3.251268959,-4.956304857,-3.909690546,-4.215275968,-5.246260115,-5.453586347,-5.52219992,-5.094052068,-5.879000566,-5.660287801,-6.684225998,-8.379604191,-5.08563292,-2.805233484,-3.251519968,-3.78281264,-3.198259573,-3.026166088,-2.719182066,-2.515549471,-2.291611342,-2.12066313
Croatia,HRV,,,-5.690240636,-2.670322614,-0.816518807,-4.230352091,-4.406182469,-4.934155535,-6.360497426,-11.11044415,-9.197196028,-4.791690934,-4.898226023,-5.028079972,-6.093355136,-3.242488737,-2.008608685,-2.279797536,-2.338323418,-7.150817984,-6.464083431,-7.531866867,-5.461466333,-5.523898283,-5.194999109,-3.528669625,-1.041434548,0.799219881,0.234789436,2.314179037,-7.23383712,-2.575110974,0.122158629,-0.791432341,-1.953452576,-2.918145378,-2.828174447,-2.826983918,-2.774660177,-2.576722975,-2.479996759
Cyprus,CYP,,,,,,-0.712397275,-2.956325584,-4.821219576,-3.851120898,-4.053804102,-2.239714585,-2.107402184,-4.13063795,-5.907218983,-3.711642274,-2.224351147,-1.04125,3.228164349,0.865878293,-5.433350825,-4.684216206,-5.650058918,-5.550540127,-5.159559431,-8.796073855,-0.76571556,0.45125357,2.128748942,-3.363475454,1.031148108,-5.574774292,-1.643321378,2.651026473,1.69814933,4.281198891,3.411111038,3.167501292,2.999925478,2.595148094,2.001106369,1.381344324
Czech Republic,CZE,,,,,,-12.27774975,-2.976111566,-3.136464821,-4.138626132,-3.080437971,-3.546943368,-5.757234792,-6.344912452,-6.874813153,-2.404998807,-3.061159017,-2.185821295,-0.677897718,-1.998853764,-5.456259718,-4.144160407,-2.711828401,-3.917505547,-1.298509407,-2.09347164,-0.665740433,0.684881159,1.460300764,0.881501114,0.282753785,-5.649743202,-4.95117518,-3.068779121,-3.734711289,-1.993574593,-2.158148471,-2.558706124,-2.669541136,-3.065863869,-3.498173194,-3.813334648
Côte d'Ivoire,CIV,,,,,,,,-0.749169757,-0.696892189,-1.267969102,-0.830553058,0.699229742,-0.637283748,-1.261215599,-1.037869828,-1.025127001,-1.034348591,-0.388505064,-0.209869061,-1.001842502,-1.336893709,-2.889151121,-2.276488361,-1.620933143,-1.568167655,-2.042140374,-2.978643552,-3.27411453,-2.904716592,-2.219603975,-5.418894116,-4.859170251,-6.740463123,-5.19350407,-3.965091154,-3.012412737,-3.011085769,-2.993986634,-3.022188458,-2.963831114,-3.003790989
Denmark,DNK,-1.779453456,-3.153204256,-2.597793619,-3.726187307,-3.85330845,-3.504455405,-2.397191916,-1.219483417,-0.282901542,1.063756064,1.791727345,1.125137272,0.25165075,0.139343231,2.234787113,5.201691237,5.286421772,5.307823106,3.462412162,-2.746179598,-2.520552751,-1.765509063,-3.202482068,-0.943708164,1.42804336,-0.895032327,0.302400024,1.688992774,0.81041496,4.282923047,0.362547763,4.120810258,3.389324657,3.430142281,4.458709929,1.80039534,0.367671656,-0.104744168,-0.187970993,-0.439004617,-0.545213076
Djibouti,DJI,-3.254455713,-0.862770785,-6.133449482,-7.098571465,-4.965438431,-5.13138191,-1.766043592,-2.857651208,-3.591979543,-5.196624376,-3.974235146,-3.606056493,-4.564852232,-4.134235474,-3.668533077,-1.178279166,0.261304102,-1.881283687,0.622777193,-3.882907841,-1.044644159,-1.184684174,-2.041902181,-0.337068401,-6.918022474,-15.54353464,-0.758172634,-0.211418765,-1.982985748,-0.981867747,-2.577226283,-3.054871931,-1.483605882,-3.4572517,-2.599102932,-1.037442771,-0.804064615,-0.564459596,-0.330111649,-0.106640226,0.119104226
Dominica,DMA,-4.872599004,-3.084127412,-2.278634965,-1.463213383,-3.418255981,-2.972669561,-1.618917739,-2.311473156,-6.076921186,-9.199378434,-8.748854076,-6.47624213,-4.132755676,0.879134974,-0.67070749,0.980914691,3.044612646,1.876791203,0.723673589,-0.310820914,-3.407318278,-4.335724367,-5.482576595,-2.946766644,-5.652784365,11.75285309,11.04321964,-3.370146892,-18.06424262,-7.954011958,-7.911317086,-8.606675133,-7.487374041,-4.663755952,-2.280289677,-2.155582118,-1.793530175,-1.386261675,-1.205649114,-0.893124827,-0.361925671
Dominican Republic,DOM,,,,,,,,-0.641463078,-0.288584864,-0.788346083,-0.858676582,-0.728470421,-2.277211224,-4.242187067,-3.598601834,-0.714283665,-1.687029185,0.281261603,-3.43037914,-2.895964654,-2.974784002,-3.06807134,-6.264826799,-4.412881457,-2.759536026,-0.033082318,-3.10946399,-3.12374396,-2.174641796,-3.457283582,-7.936116739,-2.92049125,-3.24898889,-3.280490921,-3.087044337,-3.413808691,-3.22272473,-2.968900663,-2.63551496,-2.300925712,-1.957473659
Ecuador,ECU,,,,,,-2.024094852,-3.440007398,-2.825145807,-5.099174806,-4.824863981,-0.320323599,0.032710162,0.738102337,1.045310643,1.941576414,0.660886986,2.921270772,2.658325399,0.568060481,-3.714036842,-1.385372952,-0.127193666,-2.834871903,-8.165211022,-8.106317115,-6.866372605,-10.2924849,-5.772174498,-2.80272647,-3.467604967,-7.375708682,-1.588786366,0.043648207,-3.481228173,-1.275538647,-1.20439885,-0.0486211,0.823964226,1.253056518,1.264113808,1.27355206
Egypt,EGY,,,,,,,,,,2.135181042,1.32027816,-1.06982542,-6.76778842,-5.729070408,-5.762199715,-6.687293436,-7.354560014,-4.898811489,-6.049311935,-6.195440023,-7.446819593,-9.600046002,-9.471082471,-12.27932601,-10.72266355,-10.37048173,-11.79614861,-9.8983807,-8.974733188,-7.595343102,-7.468626272,-6.955298585,-5.744635002,-5.768157156,-7.117604946,-12.35972495,-10.67813913,-8.076847396,-5.857400953,-4.411958568,-3.512351001
El Salvador,SLV,-0.612946594,-2.304632453,-4.288814221,-1.416472055,-0.943044881,-0.176867165,-2.702392576,-1.972370572,-2.939925956,-3.082454301,-3.44550201,-4.945072391,-5.504019204,-4.230173891,-2.75962747,-3.47257717,-3.416395391,-2.3239353,-3.800474691,-6.645643208,-4.966198343,-4.469854324,-3.807929988,-4.457195138,-4.017488239,-3.632141321,-3.104199753,-2.528224494,-2.705945425,-3.070369438,-8.178625571,-5.530462257,-2.683820131,-4.686447171,-4.549539606,-2.75649853,-1.976387256,-1.677809402,-2.137078096,-1.914006583,-1.599721981
Equatorial Guinea,GNQ,-160.1852513,-236.0355385,-557.4986031,-217.9360726,-487.312428,-123.4159248,-6.355378715,3.213610566,-7.651485524,-0.191127988,-2.667315266,14.90892618,17.59412696,9.993204088,9.2175412,18.54692496,21.79465642,17.15997262,14.61374224,-6.474637041,-4.533053248,0.834548968,-7.238722748,-4.403283572,-7.540969235,-15.09709085,-10.91693685,-2.590037528,0.522467842,1.823553452,-1.771039545,2.652518646,11.68288714,2.386551182,-0.55436067,-1.319758972,-1.987681977,-3.033330123,-3.597059522,-3.923379331,-3.640784641
Eritrea,ERI,,,6.852970971,4.223687456,8.690480879,-22.93464571,-18.40294823,-5.647864516,-40.34926296,-59.74224536,-25.40760758,-9.616395518,-13.28761606,6.234582277,-7.651012086,-30.97116806,-15.47985296,-19.82194436,-37.97589452,-22.15574924,-16.51646435,-5.501972422,-5.214572135,-7.624069253,-0.121696107,-2.765868618,-1.435204668,-5.736498526,5.223745833,2.717379839,,,,,,,,,,,
Estonia,EST,,,,,,-0.256884231,-0.930814295,2.979279041,0.647794652,-3.419697076,-0.112268131,0.399109642,0.293444483,1.665337178,2.28593473,1.065093672,2.706271166,2.503403881,-2.921861529,-3.428414284,-1.087896086,0.085724107,-0.855918207,-0.664320368,0.415270422,-0.242414767,-0.618330061,-1.065899302,-1.146383718,-0.109401076,-5.424109632,-2.569313023,-1.078891477,-3.125335785,-1.509340502,-1.498055553,-4.023767916,-3.790539342,-2.921926549,-2.780635652,-2.785099405
Eswatini,SWZ,5.613156654,3.40045432,-2.89841838,-3.292618623,-3.613529175,0.895985744,-1.000364835,2.107088705,1.071321058,-1.26916127,-1.222866807,-2.313105005,-3.782819974,-2.147151232,-4.09885869,-1.704063032,8.877772015,2.43513101,1.627293932,-3.055053551,-9.515509969,-4.017026654,3.483271626,0.585681872,-1.184673568,-6.029225736,-8.538120123,-5.682157016,-6.724159683,-6.260633875,-4.267881782,-4.678071592,-5.401293778,-0.667290198,-1.361949981,-4.733157318,-4.279805325,-2.898670428,-1.920505952,-1.423354435,-1.289671355
Ethiopia,ETH,-6.66234143,-5.826596569,-4.780213262,-4.002754641,-5.230469874,-2.677278203,-3.814448325,-1.701994904,-3.51143696,-8.230808193,-8.88036366,-3.760400444,-5.764230504,-5.592003549,-2.651278615,-4.12228972,-3.787920745,-3.567435102,-2.882350064,-0.932116785,-1.320751331,-1.607127794,-1.171938787,-1.930531162,-2.582291152,-1.947067005,-2.300454263,-3.243369513,-3.029069445,-2.533412526,-2.764306795,-2.767054972,-4.158727878,-2.59921462,-1.988786643,-1.5465,-1.717,-1.75,-1.75,-1.55,-1.55
Fiji,FJI,,,-2.13975004,-1.830889902,-0.190562647,0.767827977,-3.351468877,-4.48276478,5.21346506,1.09888248,-1.36669275,-4.404844547,-3.584986113,-3.339139959,-0.952479916,-1.1441011,-0.740544936,0.354388249,1.543488627,-2.764506212,-1.258244746,-0.686522662,-0.669215085,-0.07620479,-3.355773232,-3.79832438,-5.582510067,-2.221411221,-4.721241598,-3.665624816,-9.244770962,-14.60611858,-11.17937921,-6.823176461,-3.364831655,-3.653851724,-5.990277155,-4.259824479,-4.25631638,-4.323164972,-4.331788161
Finland,FIN,6.633349782,0.300834462,-4.88091465,-8.092345178,-6.406807293,-5.976395068,-3.370367828,-1.325340363,1.536979681,1.595895593,6.729429707,4.891676405,3.9746699,2.339929077,2.157602636,2.588876878,3.925119026,5.115498319,4.180115622,-2.483836355,-2.57458264,-1.012875971,-2.154927188,-2.5219045,-2.994826456,-2.426828804,-1.701303096,-0.629266686,-0.871908756,-0.932843643,-5.534145279,-2.692511778,-0.179232344,-2.984527657,-4.405663078,-4.558935789,-3.939564493,-3.701445441,-3.411646624,-3.495825329,-3.392308473
France,FRA,-2.454254173,-2.886603936,-4.641555903,-6.397030768,-5.460501637,-5.105305478,-3.894267242,-3.707819603,-2.390118828,-1.54501888,-1.316136835,-1.415685939,-3.175096463,-4.094857158,-3.55480901,-3.504949922,-2.655538588,-2.990289368,-3.500984925,-7.38318766,-7.158984507,-5.299385445,-5.168547235,-4.935689923,-4.571355874,-3.887213694,-3.762715525,-3.364914227,-2.321671861,-2.391687879,-8.930230913,-6.583671637,-4.737401738,-5.439607887,-5.77065484,-5.440554865,-5.840789089,-6.227513907,-6.242519725,-6.288554376,-6.342835766
Gabon,GAB,-3.83442429,-2.030771831,-4.896678632,-5.353771431,-1.529080533,2.643109812,2.115203535,1.407471586,-13.11337194,1.114115205,11.13195095,4.067452055,3.72426301,7.752375646,6.992646229,7.977280456,8.671886167,8.062386682,10.99433596,6.770050763,2.697552738,1.409810345,6.204178226,-3.06911062,5.979626098,-1.117194276,-4.710070204,-1.699244897,-0.211995909,2.12696834,-2.189963818,-1.926530316,-0.889533196,1.793099382,-3.835895993,-5.405919092,-7.234418743,-8.208831149,-8.785982594,-9.419641166,-10.08963358
"Gambia, The",GMB,,,,,,,,,,,-0.090777114,-2.522861367,0.059382814,-1.732202164,-1.7660224,-3.332376241,-3.193722105,0.274808161,-0.454398519,-1.647543535,-2.927866698,-3.027887968,-2.847695405,-5.106440234,-3.936774188,-5.375322951,-6.224009695,-4.348708194,-3.922607514,-2.746377979,-2.368863705,-4.766030179,-5.716026328,-3.692502975,-4.084452834,-1.013999936,-0.547699692,-0.487772587,-0.492221409,-0.501477042,-0.489796873
Georgia,GEO,,,,,,-4.885024644,-5.906459643,-6.787846068,-3.996811396,-4.723802915,-1.920674602,-0.707242068,-0.186328623,-0.547683272,3.591741748,2.144569128,3.283765303,0.809171858,-1.921929579,-6.364511803,-4.4765702,-0.807758806,-0.709675729,-1.248203606,-1.778733406,-1.163179005,-1.489762516,-0.451606319,-0.802560407,-1.824872335,-9.157584346,-5.972157247,-2.198270753,-2.328575838,-2.29507235,-2.274022182,-2.284851412,-2.190011753,-2.091242201,-2.096505476,-2.111115814
Germany,DEU,,-3.209768725,-2.631689758,-3.110098217,-2.542246548,-9.436663456,-3.638414154,-3.027226792,-2.649544333,-1.866467043,-1.714311205,-3.12462139,-4.086157887,-3.82950808,-3.421004431,-3.370841592,-1.755187167,0.154864646,-0.262968856,-3.175940368,-4.420975352,-0.839998398,-0.054335401,0.122519606,0.731520169,0.914762733,1.134103862,1.337219594,1.883122745,1.327262756,-4.379694672,-3.167279502,-1.908512329,-2.494459995,-2.66333562,-2.522550149,-3.367081373,-4.033122823,-4.04573399,-4.0499915,-4.049934858
Ghana,GHA,-1.926893564,-1.472630958,-4.500550692,-5.388498213,-4.994068551,-4.521015625,-5.612851309,-6.141985674,-5.270576376,-5.64441244,-3.980349925,-3.636638519,-2.725710203,-1.993635971,-2.024377737,-1.873773264,-3.107785552,-4.91490573,-5.55690453,-5.045795339,-7.128473724,-5.46526804,-8.35701711,-9.116924643,-7.812004068,-4.007388133,-6.745807467,-3.966311295,-6.791244372,-7.519198326,-17.44290029,-12.03182185,-11.75989217,-3.366265748,-7.313856892,-2.728438062,-1.906071424,-1.702515803,-1.924220526,-2.095171433,-2.513019327
Greece,GRC,-13.28910865,-9.627880461,-10.64575147,-11.45252968,-8.476811653,-9.868234658,-8.350544037,-6.247684211,-6.484636565,-6.024030839,-4.214857096,-5.64234492,-6.196889535,-8.046709861,-9.052688862,-6.329919794,-6.044828042,-6.806877795,-10.31476689,-15.42360831,-11.42445676,-10.49956997,-6.93709279,-4.058919601,-4.29245342,-3.030857724,0.280119001,1.05453137,0.778448385,-0.085876767,-10.33728292,-7.581774517,-2.455567412,-1.350817884,1.338954614,-0.008658985,-0.84661381,-1.431239149,-1.43586049,-1.444156767,-1.384138502
Grenada,GRD,-7.777378241,-4.33532418,-1.457174928,-0.156981512,-2.846063161,-0.460711031,-3.018867109,-4.939726983,-2.393968471,-1.70051405,-2.071379716,-6.052613158,-13.89709713,-2.814093839,-0.57479876,0.900878113,-5.228357104,-5.907320575,-3.717941834,-4.401824725,-4.071453438,-4.857361769,-5.440996999,-7.249729786,-4.197422554,-0.799688481,2.69081081,3.016159746,4.915150812,4.95563596,-4.54542046,0.327320602,0.930999624,7.941454265,6.659236161,-7.301686518,-1.615616575,0.151827698,0.137089329,0.110288176,0.207502799
Guatemala,GTM,,,,,,-0.528109906,0.037066655,-0.789871086,-2.291332639,-2.96190769,-1.876629031,-2.003346107,-1.0322005,-2.468632805,-1.04761479,-1.670119167,-1.878487661,-1.403011627,-1.569811649,-3.120003493,-3.277254046,-2.804110762,-2.416249523,-2.163820819,-1.921281986,-1.472112172,-1.110088955,-1.384181338,-1.880525562,-2.236042158,-4.909562254,-1.162111968,-1.695140176,-1.251580829,-0.960336906,-2.606651953,-2.663827429,-2.899885372,-2.815987877,-2.773430839,-2.841590138
Guinea,GIN,-3.755477352,-3.248325356,-0.890622714,-2.332215361,-2.591085319,-1.070797314,-2.201280485,0.066376189,2.460829468,-1.298691858,-2.420873733,-3.230052158,-3.373341625,-4.654864721,-3.84565937,-1.055376101,-2.128912003,1.280676807,0.384786589,-4.868053833,-9.660504287,-0.920975739,23.71737678,-3.85729885,-3.013821094,-6.530659711,-0.083787465,-1.984771793,-0.973695607,-0.16914342,-3.081455355,-1.704982408,-1.881004551,-3.858483459,-4.990655979,-3.2,-3,-2.7,-2.5,-2.3,-2.1
Guinea-Bissau,GNB,,1.60653672,-0.252381998,-0.337747663,-5.541399775,2.449644226,3.478052566,-2.55580984,-5.954428769,-4.064589499,-2.800830636,-1.825661848,-3.70366484,-5.627553397,-5.91951606,-4.960269796,-4.574471073,-8.774457664,-0.734810049,2.679352216,-0.225076328,-1.353676216,-2.122832796,-1.672842256,-2.435816657,-3.161462636,-5.341001642,-1.320655423,-4.764123282,-3.861457398,-9.637580006,-5.881596618,-6.056389938,-8.152103658,-7.255481353,-3.327067106,-3.441909825,-3.23496194,-3.027415064,-3.009052248,-2.971978253
Guyana,GUY,,,,,,,,-1.698401462,-2.669595173,-0.469013243,-2.273284215,-3.707531666,-2.419074747,-4.810227432,-2.879763768,-6.539737828,-6.162604353,-3.353008225,-2.775227521,-2.499213169,-1.879462026,-2.134031976,-3.111140107,-2.162880166,-3.876291655,-0.748888344,-3.212492523,-3.135258345,-2.519039715,-2.51689662,-7.781795605,-6.938519244,-5.111699914,-5.783961967,-7.311921786,-4.938658709,-4.478619644,-3.872224237,-2.81006017,-2.215314791,-0.676996757
Haiti,HTI,,,,,,,,0.372749145,0.210634407,-1.543847003,-1.356857804,-1.547886088,-1.80027984,-2.236055432,-1.343124892,-0.829425804,-0.908683503,-1.545154788,-1.799032972,-1.996162269,-1.497421279,-1.429844788,-2.711841755,-3.97560855,-3.640569657,-1.472288979,0.116524769,-0.315885032,-1.12648034,-1.994546616,-1.955966536,-2.453989435,-1.754313427,0.767689767,6.960532272,0.584269999,-0.202410662,-0.742766819,-1.218943353,-1.541700678,-1.784991387
Honduras,HND,-1.821085781,-1.94562009,-1.409156446,-5.03320174,-0.98257859,-0.244308963,0.126739629,0.080106047,2.893287968,1.3812497,1.508103363,-3.118870878,-5.015399323,-5.093454515,-2.475410019,-0.032652263,-1.355423713,-0.253748057,-0.266666666,-4.8648519,-3.371280219,-2.942645813,-3.483095592,-5.478633807,-2.810789825,-0.781103247,-0.397364584,-0.407754384,0.197209917,0.089128806,-4.584398533,-3.166575924,1.571418423,-1.964272743,-1.117655589,-1.606964933,-1.660291522,-1.507442333,-1.343449549,-1.271595756,-1.235601967
Hong Kong SAR,HKG,0.641679309,3.127492593,2.626541994,1.990420657,1.015467899,-0.273013267,2.019940335,6.317533066,-1.800939754,0.761944664,-0.587168782,-4.83634516,-4.77316517,-3.171906962,-0.30353307,0.970566069,4.000085923,7.336107349,0.247467858,1.53152734,4.136196365,3.769974082,3.14295421,1.007558469,3.592047619,0.595046743,4.387426689,5.492638769,2.349924081,-0.582612317,-9.229336633,0.008695119,-6.574536437,-5.649882563,-5.815825691,-4.818017447,-3.225546647,-1.542485607,-0.503472205,0.536002025,0.536002025
Hungary,HUN,,,,,,-8.570899406,-4.360066135,-5.538787249,-7.412519632,-5.267325754,-3.03768486,-3.995679764,-8.794130737,-7.191050738,-6.597284097,-7.786605509,-9.268702109,-5.085304625,-3.784907452,-4.75927749,-4.43619654,-5.219831526,-2.330587245,-2.598215609,-2.772976265,-2.002875396,-1.791645506,-2.454930103,-2.046415623,-2.024293397,-7.486859776,-7.110069124,-6.171605243,-6.7481651,-4.915172238,-4.684911596,-4.57324436,-4.586617415,-4.521117284,-4.359284433,-4.324613476
Iceland,ISL,-3.16097517,-0.65873468,-1.862893032,-4.355776441,-4.591717475,-2.870189931,-1.516760288,0.038100941,-0.556517256,1.300991948,1.427571417,-0.277591771,-2.250479374,-2.296545544,0.283731213,4.920873036,6.37407313,5.520187964,-12.02305238,-8.541802106,-6.581262067,-6.456985642,-2.590884798,-1.238514106,0.291996081,-0.391301853,12.37639155,0.965000118,0.94012346,-1.573472742,-8.731951908,-8.328350647,-3.928996134,-2.276266591,-3.506023997,-1.137852037,-0.627092806,-0.515876155,-0.314981332,-0.146392766,-0.041752036
India,IND,-8.068605227,-7.900176668,-7.893088544,-8.570184591,-7.996918945,-6.814407173,-6.705175578,-8.276099632,-9.742368673,-8.700689045,-8.408911673,-11.0329901,-11.07210554,-11.42809567,-9.221001824,-7.492562766,-6.380250222,-4.586463237,-9.170982291,-9.700886057,-8.794928004,-8.349151646,-7.549559685,-6.999618196,-7.071068563,-7.205084204,-7.120009714,-6.227235694,-6.339107592,-7.69407272,-12.86441879,-9.447938777,-8.968839756,-7.396680412,-7.900233681,-7.113009139,-7.15212593,-7.0890634,-6.942356172,-6.77379685,-6.631848787
Indonesia,IDN,,,,-0.588573955,0.00485037,0.640948135,0.962360913,-1.033756429,-1.893491985,-0.959390205,-1.869997613,-1.763397994,-0.576078316,-1.077269176,-0.260194006,0.461782595,0.450943402,-0.952682535,0.054113001,-1.644375355,-1.242440318,-0.703538423,-1.586458811,-1.955567548,-1.804539527,-2.723921553,-2.560963175,-2.263975689,-1.69005943,-2.090624146,-6.074859332,-4.404852088,-2.307064171,-1.641797331,-2.298553228,-2.789160116,-2.723982111,-2.732451102,-2.720318963,-2.715083155,-2.692120713
Iran,IRN,-1.728248877,-1.643028787,-0.857030196,-5.146048496,-3.358840643,-2.631070884,-0.749389468,-1.810065756,-5.029267924,-0.508877964,5.419458214,0.019823673,-2.882053804,-2.75652087,-2.445559974,-2.437942115,-4.909476633,-2.405199942,-4.387889383,-3.302406812,-0.84165571,-0.657153263,-0.499604561,-0.719531442,-0.906858054,-1.299085437,-1.700616607,-1.546984992,-1.587854015,-4.296650794,-4.867484232,-3.009270927,-2.638432373,-2.538886148,-3.829372939,-4.434518912,-4.266977048,-3.849904387,-3.681428028,-3.494293186,-3.361394377
Iraq,IRQ,,,,,,,,,,,,,,,-35.39817073,4.068681643,10.72068828,9.98037637,-0.855632589,-14.91419747,-4.178909482,4.744457625,4.093865283,-6.062282776,-5.630533749,-12.82965397,-14.44870207,-1.520809675,7.685295177,0.83378691,-12.81538056,-0.377012867,8.097763284,-1.140825791,-4.14320614,-6.294605176,-7.087350883,-6.81085571,-6.340093922,-6.163007914,-5.907068605
Ireland,IRL,-2.68986733,-2.796361503,-2.83838952,-2.623444951,-1.81608586,-2.073521435,-0.197394716,1.373198847,2.071216322,3.536980957,4.855202035,0.95938209,-0.519345873,0.346071151,1.298165226,1.570408559,2.775422354,0.267874359,-7.030536674,-13.87275838,-32.14498819,-13.47040509,-8.415429561,-6.276563756,-3.517236222,-1.972866566,-0.761851609,-0.297536045,0.090440896,0.406238316,-4.868021209,-1.367034976,1.667850929,1.524482161,4.085615696,1.046864691,0.865525584,0.755694037,0.88101294,0.946407031,0.820642696
Israel,ISR,,,,,,,,,,,-0.798355238,-4.055445745,-8.217294645,-5.030749984,-3.402294275,-2.74079224,-0.947631032,-0.431896198,-3.496091627,-6.526984934,-3.71829832,-3.431587661,-4.459263924,-4.062208175,-2.289605531,-1.210380675,-1.789339124,-1.131740805,-3.556931449,-3.789815549,-10.69986278,-3.371600565,0.318843732,-5.05655871,-8.262198359,-6.37289303,-5.50243073,-3.890966144,-4.194715728,-4.217319425,-4.48876046
Italy,ITA,-11.14149477,-11.08301028,-10.09044687,-9.756145595,-8.835113358,-7.19854218,-6.608281015,-2.980300267,-2.985920775,-1.774701711,-2.42009602,-3.180824424,-2.87977408,-3.226200634,-3.460922753,-4.098532893,-3.605442526,-1.325942799,-2.583959049,-5.056539741,-4.161392483,-3.524395998,-2.985487774,-2.874550813,-2.818500248,-2.459119883,-2.40466057,-2.508865035,-2.191991648,-1.450111637,-9.378789267,-8.879364432,-8.109313323,-7.238656464,-3.446202663,-3.302243282,-2.848117328,-2.678510274,-2.325437384,-2.40079529,-2.458060779
Jamaica,JAM,2.342954399,3.867242104,3.105262707,2.597473717,2.590111925,1.604999055,-5.315318327,-6.542564702,-5.818089627,-3.532492685,-0.798696853,-4.886735684,-6.766512293,-5.669744819,-4.681202648,-3.300941667,-4.901481964,-3.824748095,-7.429635527,-11.09505941,-6.274609569,-6.3425483,-4.050534777,0.118421365,-0.491467672,-0.279035793,-0.186509968,0.431904962,1.116441684,0.854907976,-2.832646268,0.88605264,0.269743095,0.035502966,0.222883564,0.006877507,-0.885233543,-0.759442822,-0.601732109,-0.563921453,-0.72258102
Japan,JPN,1.958746572,1.67480365,0.574339998,-2.390912309,-3.761947654,-4.295516835,-4.869165475,-3.526219434,-10.0468334,-6.748538404,-7.281846065,-6.200481178,-7.335969983,-7.433287523,-5.314176836,-4.4384803,-3.028812142,-2.901044111,-4.109685846,-9.692963811,-9.075810643,-8.985524144,-8.196479901,-7.611372977,-5.616051777,-3.677789665,-3.599609526,-3.098813357,-2.471407852,-3.044643867,-9.075077166,-6.127706108,-4.214704369,-2.260709488,-1.529777486,-1.258703674,-2.027933287,-2.539558147,-3.121983633,-3.746464478,-4.395355427
Jordan,JOR,-7.45351832,-10.15218798,1.87347393,-2.141623357,-2.299640946,-1.717366899,-3.245276278,-2.974171413,-5.395715712,-2.693094985,-3.994888359,-2.76963205,-4.437498232,-2.517028493,-1.088715862,-5.358541232,-3.820385946,-5.453953584,-5.378388864,-8.656810484,-5.425062486,-5.605818105,-13.84873204,-16.1071203,-15.49016104,-7.096890444,-3.705024417,-3.612803788,-5.782503693,-7.186850492,-10.10680837,-8.451027447,-6.796626868,-6.887706558,-7.329045249,-7.484323397,-6.009782043,-4.175087343,-3.109909126,-3.33919557,-3.795579737
Kazakhstan,KAZ,,,,,,,,,,,,,1.92388776,3.996048749,3.287320031,6.077754759,7.652628519,5.134414782,1.227135161,-1.328048731,1.469692441,5.811035754,4.430881585,4.945693553,2.48184788,-6.259289215,-4.50321692,-4.265508721,2.579564376,-0.569542694,-7.036915965,-4.966052048,0.105380592,-1.522576773,-1.597178967,-2.453034259,-2.34239589,-2.071586514,-1.749513733,-1.267094431,-0.951247169
Kenya,KEN,-3.279702298,-6.561075358,-8.27627787,-8.574595375,-4.14206642,-0.229639622,-0.490415156,-0.906770435,-0.027659466,0.842649942,0.38076292,-0.527688897,-1.294554267,-0.72752084,0.502332506,-0.193357569,-0.432196925,-0.954213215,-1.951632016,-3.124429861,-3.673265481,-3.638726354,-5.287786928,-5.24594006,-5.753333226,-6.682220835,-7.469093865,-7.395751786,-6.935510088,-7.415140753,-8.133521958,-7.196172613,-6.056819244,-5.713593096,-5.76919573,-5.963844183,-5.636257355,-5.11048923,-4.905817015,-4.805891456,-4.746102545
Kiribati,KIR,-4.620039441,3.873763638,0.789093847,6.266569828,0.741085055,-5.143114561,-20.24614766,5.918991179,14.58340473,-1.810709034,-0.028544231,-10.87471508,3.127581583,-8.933003642,-19.20168321,-9.957022147,-12.27071789,-12.47260315,-15.82913391,-8.563751871,-7.796260434,-17.55524668,-5.425857554,11.75693904,34.97326563,42.51753307,20.10158957,34.08541943,5.181633722,10.82180638,3.572936543,-10.76723069,-18.30759633,0.128291348,-22.00002312,-15.14250443,-16.79040463,-15.13606747,-13.62268829,-15.28214378,-15.44820985
"Korea, Republic of",KOR,,,,,,2.159946146,2.298685779,2.314889153,1.090699332,1.14534931,3.905181724,2.419900505,3.228798559,1.508541538,0.086273484,0.954786367,1.184913077,2.494124982,1.58103653,0.239356349,1.60644497,1.720757224,1.630585653,0.789464588,0.572968391,0.496847383,1.563097969,2.07663613,2.424096448,0.350633146,-2.10535367,-0.018632594,-1.491749483,-0.669244198,-0.783187987,-1.517363807,-1.356418923,-1.408928473,-1.350682488,-1.176101582,-1.036728592
Kosovo,XKX,,,,,,,,,,,-3.152772476,2.922245086,3.394641418,1.570293813,-4.618969711,-2.285693731,2.643792612,6.682631732,0.039073402,1.618183195,-1.009465804,-1.036484516,-2.673811072,-3.420374123,-2.650188546,-2.115887544,-1.70870994,-1.425765024,-2.861426369,-2.926952971,-7.811442395,-1.243767995,-0.740070204,-0.233108565,-0.282167027,-1.499648084,-1.975084841,-2.033151383,-2.024495606,-2.045705134,-2.013852194
Kuwait,KWT,-49.96048168,-144.98087,-28.05650799,-3.121417405,1.757472832,11.69723852,24.27461595,29.49262913,19.49259152,28.15219666,52.5105039,45.17432064,31.0397572,27.21184338,32.50935902,38.9366475,27.98619981,37.06934229,21.34484097,31.32858467,31.90745974,38.75110596,40.67314762,40.56849784,29.99996798,16.58080925,13.07773789,15.25449462,17.52078253,12.96890153,0.141432971,9.983812528,29.98690284,28.21577818,23.79075523,26.75921838,26.49966087,26.24794693,25.69311332,25.09849381,24.67567163
Kyrgyz Republic,KGZ,,,,,,-13.51701149,-9.095616879,-9.304490651,-11.96466933,-13.52278393,-10.69669466,-6.747459221,-5.900032633,-5.1693277,-4.891663885,-3.789101182,-2.095369146,1.276876611,1.924070328,0.377512204,-5.946895222,-4.70461583,-5.861999576,-3.699422342,-3.068269881,-2.516820407,-5.79019542,-3.732926298,-0.590098958,-0.074065283,-3.062198662,-0.707428184,-0.293720852,1.586390352,1.868415454,-2.468397068,-2.337392224,-3.24171915,-2.647482522,-2.306531716,-2.687162215
Lao P.D.R.,LAO,,,,,,,,,,,-3.575557095,-3.682978912,-2.84963731,-3.885364168,-1.810630608,-2.541809089,-1.481897626,-1.123091609,-1.857968543,-3.095611839,-1.46913684,-1.429071373,-2.344185332,-4.030674231,-3.132231383,-5.570364601,-5.060118303,-5.508671605,-4.464936877,-3.202639057,-5.366609598,-0.669214669,0.059289565,-0.01224195,2.339100522,0.442163075,1.621498046,1.406193857,1.233070921,1.037123799,0.911253665
Latvia,LVA,,,,,,,,,-0.658235443,-3.541507467,-2.565476789,-2.026179876,-2.588155354,-1.666366694,-1.035591059,-1.063686424,-0.481425012,0.626746697,-3.286232518,-7.135371592,-6.560301738,-3.384892508,0.181820841,-0.581151088,-1.743280353,-1.573014425,-0.409225882,-0.852972505,-0.76515089,-0.393579532,-3.847732073,-5.714192019,-3.944342145,-3.377955145,-1.823364233,-3.454887186,-3.008363596,-4.187641183,-3.885590322,-4.181857407,-4.318522507
Lebanon,LBN,-30.16298689,-19.49887858,-23.97469723,-7.186175794,-29.11165527,-13.64090769,-25.68920098,-24.54952899,-17.27017192,-16.71755423,-23.94479166,-21.02524584,-16.18804921,-13.9671441,-9.832321384,-8.572799885,-10.57243304,-10.92836234,-9.856109566,-8.097662752,-7.466124107,-5.944953178,-8.434469622,-8.823094462,-6.216925256,-7.483924111,-8.883528512,-8.653665737,-11.30000846,-10.5154292,-7.368456532,-2.665530939,-7.766440379,-1.702926867,-0.187998367,-0.476299349,-16.31045618,-2.308407243,-1.90942918,-2.356846996,-0.83675143
Lesotho,LSO,8.777864051,9.740569553,4.653906204,7.55318358,5.694118909,5.131748133,2.113805582,0.266773038,-11.78794169,-15.30211779,-0.948462815,-2.762364685,-2.437457929,0.888895422,6.054826218,4.4590611,11.57026924,10.75152527,8.09589973,-4.157202463,-1.485735122,-9.846266375,4.563783753,-2.582883263,3.157204915,-1.380193868,-9.42782594,-2.015544358,-4.408828421,-5.719257485,1.182683572,-4.94983709,-6.407667364,7.314711324,9.040783598,2.953104368,3.772052621,3.519085793,1.836605821,1.90737317,0.831393803
Liberia,LBR,,,,,,,,,,,-0.084947995,-0.977440208,-1.632753056,0.390773916,-0.555287816,-0.553625912,4.424156244,2.444932314,-2.677120813,-1.387399383,1.170950116,-4.428465696,-2.857938267,1.289887657,-4.92001455,-3.736722722,-3.827848099,-7.135586492,-4.702572287,-4.92482709,-4.020875916,-2.504373878,-5.331564724,-7.027688763,-1.979396664,-1.74590104,-2.414198057,-2.086415074,-2.503462692,-2.523924453,-1.352804774
Libya,LBY,3.355203679,8.413030541,0.106416946,-5.77375354,-2.667015142,3.797005444,11.31864382,-2.10462672,-2.36267493,5.692012581,13.63962052,0.066897304,6.991209281,6.165786701,11.31207359,30.38139426,29.09118549,28.36268475,27.67668882,-5.459464781,11.46864207,-11.45018973,24.61269359,-16.29897561,-30.50778965,-28.49232415,-29.2899323,-11.06177862,9.392683952,11.92969122,-22.27300168,14.82838435,23.59458473,8.216172944,-25.05077634,-4.310440308,-1.010298549,-1.11062429,-1.082145887,-1.057105689,-1.140290045
Liechtenstein,LIE,,,,,,,,,,,,,,,,,,,,,,1.97068852,-2.491180888,-1.240849934,2.113127064,3.555585209,2.952588768,2.739463513,2.821658786,3.599228805,7.394290085,2.43261558,3.298840296,4.370718603,3.334174093,2.938675161,3.202292237,3.281790013,3.181492805,3.180291514,3.287722666
Lithuania,LTU,,,,,,-3.311239704,-3.588231133,-0.76056973,-4.932634515,-7.821059925,-3.184327686,-3.52481413,-1.854075385,-1.264528809,-1.388288943,-0.343622958,-0.272479564,-0.816216794,-3.087970395,-9.090268898,-6.95059157,-5.917466658,-3.145738197,-2.693806396,-1.78945605,-0.766494317,0.034007822,0.359991296,0.522476727,0.411839366,-6.417989155,-1.153735523,-0.71521977,-0.687907755,-1.283207227,-2.694136258,-3.847166023,-3.538309041,-3.749847405,-3.808865227,-3.862836606
Luxembourg,LUX,,,,,,2.713888138,2.368579217,2.654745112,2.983271109,3.242209176,5.550745886,5.623115578,2.031098192,0.276430576,-1.392367344,-0.211353654,1.904603059,4.354178843,3.367191874,-0.213055814,-0.25753077,0.650446491,0.503802159,0.840623695,1.331693415,1.303599397,1.889944492,1.366712052,3.1749328,2.678683009,-3.092751538,1.002334353,0.184149342,-0.779511785,1.030397898,-1.056320921,-1.467490801,-1.595765645,-2.094201419,-2.22994001,-2.312387395
Macao SAR,MAC,,,,,,,,,,,,3.262775588,2.662437534,4.799338179,7.797775496,8.314855876,9.740788976,16.37685713,17.47920199,13.36547112,19.4052243,24.67074879,23.98128248,26.98611334,24.16038859,13.81714812,11.41456066,13.27395945,13.32557797,14.43999214,-21.41012366,-12.89122917,-37.03549963,1.072351544,6.909758228,4.130332437,5.563147387,7.068309074,7.466782948,7.866505366,8.266442388
Madagascar,MDG,-0.494167309,-4.398129484,-5.003861736,-6.33821748,-7.232908359,-5.087550777,-3.970637581,-1.997251403,-5.307739179,-2.420563572,-2.35253754,-3.614406154,-4.092046062,-3.321644201,-4.232413882,-2.474755887,-5.710995498,-2.307582103,-1.723202612,-2.261323331,-0.760375833,-2.043157171,-2.237311654,-3.402964519,-1.960686063,-2.850272851,-1.107233859,-2.102886554,-1.337842685,-1.42078555,-3.956818444,-2.827430028,-5.460304316,-4.194687965,-2.478745039,-3.861318305,-4.022163984,-3.83655841,-3.806377174,-3.796610625,-3.558839105
Malawi,MWI,,,,,,,,,,,,,-4.46951067,-2.602409801,-2.612929713,-1.629495765,-0.048299869,-2.556166712,-2.924176008,-2.968777618,0.625491058,-2.849799059,-1.45384004,-3.727255632,-3.08256259,-4.168907772,-4.902310666,-5.150079746,-4.345596131,-4.549471994,-8.032938475,-8.34217136,-9.320975075,-7.841166995,-10.99300081,-10.6358495,-12.80560959,-13.17056268,-11.99246948,-12.10271015,-11.65463223
Malaysia,MYS,0.149006252,1.601570994,1.80547431,3.439744485,5.448558356,3.102752362,3.269790264,4.840118079,-0.627248857,-3.002698643,-6.052531378,-4.360678479,-3.959800368,-4.596958967,-3.35346367,-2.832840099,-2.601963366,-2.57083038,-3.404737749,-5.879790486,-4.319070489,-3.567623431,-3.102877242,-3.478227832,-2.62843747,-2.545883964,-2.602872311,-2.41182946,-2.644669077,-2.008147145,-4.901736352,-6.032418285,-4.559302536,-3.970597069,-3.949552572,-3.605351869,-3.568178363,-3.658895288,-3.646466197,-3.60937419,-3.615729068
Maldives,MDV,-12.76722362,-10.22048926,-12.60424043,-13.88751066,-4.815971257,-5.662037362,-2.012788615,-1.46107611,-2.250965382,-3.028205148,-3.892650351,-3.965632671,-3.96736936,-3.445421018,-2.256833451,-7.806708367,-4.523729991,-3.157810014,-9.924864782,-17.93258965,-13.57974728,-8.130091872,-6.90515655,-3.48684103,-2.418189574,-6.515912684,-9.927716693,-3.021069948,-5.16886369,-6.542842729,-23.69625475,-14.18380103,-11.15819002,-13.16827987,-13.90223151,-9.389782003,-12.9128494,-12.40162237,-11.54430411,-10.3558458,-9.251353916
Mali,MLI,,,,,,,,,,,-2.642545499,-2.798265618,-3.094188867,-1.187494832,-2.359850541,-2.764112925,27.78299183,-2.784249125,-1.970106215,-3.706542918,-2.567534563,-3.416808715,-0.956306003,-2.371998729,-2.886461117,-1.821700512,-3.945064569,-2.861609435,-4.742076013,-1.6840023,-5.420046214,-4.912587336,-4.749822248,-3.572830438,-2.565370719,-3.386992091,-3.2,-3,-3.044,-3,-3
Malta,MLT,,,,,,,,,,,-5.827669903,-6.502636204,-5.617777778,-9.041838192,-4.278980554,-2.828298547,-2.460692116,-2.052542314,-4.055224168,-3.114016254,-2.22095921,-2.986008418,-3.305033759,-2.185893178,-1.485165111,-0.838437005,1.095330578,3.403878523,1.85764625,0.722204711,-8.721322889,-6.95330709,-5.310212075,-4.645835724,-3.577202647,-3.190439943,-2.799022681,-2.549819896,-2.601927735,-2.511292268,-2.614198933
Marshall Islands,MHL,,,,,,,,7.907674034,13.53412121,9.00717919,7.835943031,7.832264596,5.120072437,10.54311415,-1.597684517,-22.28295781,0.235352479,0.265635179,3.684396927,1.512126351,3.512922591,2.133226354,-0.762325358,-0.230744527,3.195377616,2.812386676,3.875772667,4.375937549,2.552599531,-1.80414,2.538708164,0.18113293,0.681498449,1.140839119,3.611397203,1.673571762,-5.278779461,0.678026171,0.597036871,0.065917278,0.022287246
Mauritania,MRT,,,,,,,,,,,,,,,-3.055823926,-3.157998999,2.049594643,-1.381907798,-3.321092557,-3.591920274,-0.450843019,0.074445315,1.665969653,-0.661569499,-2.639528711,-2.442532221,0.132042365,0.530741098,3.226516929,2.647817879,2.783716247,2.598285026,-3.094886194,-2.448722225,-1.353341999,-0.46096468,-0.98883931,-1.07425371,-1.042176781,-1.201622087,-1.513998741
Mauritius,MUS,,,,,,,,,,,-4.398094353,-5.528946269,-5.182006036,-4.816056183,-4.341943554,-4.441795662,-4.143940733,-3.087371608,-2.662217861,-3.407317218,-3.066098564,-3.087805075,-1.784643381,-3.397712308,-3.132256445,-3.586653612,-2.812206783,-1.659895826,-2.187594366,-7.533572411,-10.6242362,-4.449214753,-3.340420399,-4.703436564,-7.468445111,-2.647069177,-1.339587603,0.660375923,0.869236061,1.45712791,1.584817431
Mexico,MEX,-3.11079756,1.491744774,2.259255307,-1.514245784,-2.254819335,-2.277885392,-3.655445427,-3.476322636,-4.491422721,-4.489359476,-2.685229686,-2.572843134,-2.181311588,-2.244053271,-1.346255606,-1.433870678,-1.225888789,-1.458330689,-0.681300508,-3.935327101,-3.803803612,-3.204127715,-3.565958129,-3.559062112,-4.371295225,-3.858790733,-2.681409152,-1.034047855,-2.138586468,-2.265984258,-4.290094357,-3.746692439,-4.322423232,-4.288418377,-5.726491101,-4.32282578,-4.144579367,-3.499999986,-2.999999987,-2.999999988,-2.999999988
"Micronesia, Fed. States of",FSM,,,,,,-0.450697254,2.337446985,2.620992234,-3.269399103,-5.17549042,-3.48475392,-5.463055829,7.204700501,2.617586639,-15.55235146,-5.631441489,-5.444946326,-3.548325942,-1.553448646,1.881007369,0.465161675,-0.580232489,0.894619353,2.894272815,11.23192217,10.48219395,7.370217167,14.47746984,24.67646082,19.53915988,6.423124409,4.442723573,17.43001705,9.452779556,9.190600358,6.542286017,1.485213447,1.125769048,0.825450313,0.093036676,-0.279244298
Moldova,MDA,,,,,,-2.583014839,-7.42327153,-7.470582793,-1.521632104,-2.639090816,-3.546063797,-0.344750246,-1.178997491,0.469967723,0.592848783,1.440722637,-0.418723607,0.148232521,-0.870607993,-6.382820742,-2.178254279,-2.049645065,-1.930739998,-1.565176163,-1.603237143,-1.92973698,-1.564111343,-0.650370778,-0.853156452,-1.465507184,-5.316879851,-2.617000941,-3.239740156,-5.129827988,-3.884449187,-3.574668718,-4.411360879,-5.534091626,-5.355407916,-4.407782965,-3.481951302
Mongolia,MNG,-9.366584098,-6.365786559,-8.102580371,-13.34168368,-9.736635528,-4.967950528,-6.882958371,-8.093351526,-12.33694186,-9.907976469,-5.821111521,-4.327369882,-4.735704319,-3.382272171,-1.617960767,2.434672767,7.584876247,2.638636445,-4.521413161,-5.198800741,0.42542746,-4.013807892,-6.243683982,-0.927077628,-3.725394185,-5.042965864,-15.29496044,-3.716047369,2.85428534,1.002708299,-9.240418933,-3.045435985,0.672012647,2.732991503,1.393856376,-0.687281059,-1.005136989,-1.987290701,-2.521562602,-2.585406106,-2.622602232
Montenegro,MNE,,,,,,,,,,,,,-1.441459044,-4.056102467,-2.453718977,-1.416533976,4.337780511,8.437487197,-2.298067351,-6.739401157,-4.876584351,-6.789654633,-5.865694648,-4.535129435,-0.700293664,-6.025747375,-6.205640825,-6.886619436,-6.297217164,-1.735963882,-11.00505303,-1.71873618,-4.068331108,0.854505634,-2.808491849,-3.532285629,-3.512894054,-3.785442518,-4.126216701,-4.27178292,-4.300824253
Montserrat,MSR,,,,,,,,,,,4.936108821,20.08864152,5.541608554,17.3616716,1.678653394,-13.64112155,-2.838050811,-4.915577779,-8.693844119,3.652515743,2.221777422,7.651607652,-6.952845147,-17.32123596,-28.7665886,-3.145945293,-7.739115023,-10.40241573,-9.067891421,-12.59873618,-3.950357361,1.239040269,3.936241095,4.298848369,3.269148256,3.122660244,-0.507679994,-0.549125655,-0.339509498,-0.239328187,-0.070632853
Morocco,MAR,-1.324269609,-0.896333406,-1.844340713,-2.001067286,-2.511106856,-2.539229656,0.867535045,1.498731493,1.470155454,3.205616955,-1.973310536,-3.789964366,-4.368704042,-3.744922526,-3.313372105,-5.455136196,-1.800354775,-0.116219776,0.625906236,-1.629220185,-3.932269612,-6.075340113,-6.63175957,-4.701752725,-4.779650388,-4.593074248,-4.485540003,-3.303487264,-3.521499083,-3.803636045,-7.147087456,-5.924410513,-5.365621281,-4.406239629,-3.922221571,-3.798975442,-3.368138367,-3.248118544,-3.072717022,-3.024815679,-2.966637
Mozambique,MOZ,-4.416018221,-2.007233273,-1.850392162,-2.53023944,-4.001142025,-2.456643627,-2.072995716,-1.808869968,-1.075091403,-0.313918849,-1.259799796,-4.434345313,-3.364414962,-2.635508905,-3.1679139,-2.058618629,-3.033675574,-2.190821438,-1.897673569,-4.346340345,-3.497567547,-4.335946649,-3.44974235,-2.463468639,-9.753243982,-6.55466466,-5.422633594,-2.903489993,-7.387544362,1.704169217,-6.192313799,-5.232565009,-5.21898358,-4.257839904,-6.1699838,-5.316848046,-4.219287253,-3.700550875,-3.36296728,-1.675422967,-0.326486665
Myanmar,MMR,,,,,,,,,-4.894011977,-4.461916012,-6.026425025,-6.337509423,-4.00782118,-4.23911423,-4.616581591,-3.485622649,-3.422090403,-3.518299791,-2.726120819,-3.550824502,-5.397673302,-4.821294182,-2.69673178,-1.531595344,-1.064571019,-4.325685259,-2.525153792,-3.423850899,-2.766848308,-4.695091259,-6.501569891,-2.469629966,-2.816957834,-5.17792048,-5.060892624,-6.851480038,-6.36387947,-5.959532778,-5.44748677,-4.783023309,-4.637356187
Namibia,NAM,1.075115877,-1.586913078,-2.54625153,-2.725765976,-0.568459734,-1.744218339,-3.702327306,-2.380530732,-2.759241798,-1.878563588,-0.788247522,-2.014083702,-1.378490339,-4.474067409,-2.671548153,-0.309143184,3.409772841,6.006546384,3.480378127,-0.404866804,-4.980934531,-7.086965568,-3.101709707,-4.689866598,-6.443662373,-8.301099948,-9.303132158,-4.993985841,-5.094105573,-5.49147512,-8.070297896,-8.682144727,-6.330473732,-3.144212746,-3.588619439,-5.366148758,-5.14879004,-4.414606799,-3.977999738,-3.749008018,-3.605193872
Nauru,NRU,,,,,,,,,,,,,,,,,,,,0.367481421,0.092715545,2.733101584,8.115583372,1.710948037,29.56187056,10.74096848,18.88952274,16.169629,29.55903895,30.98798162,42.80929878,44.48630977,24.26620869,19.3868686,29.77872697,3.590743566,9.515771564,10.27238041,12.27551906,13.53610936,15.3169494
Nepal,NPL,,,,,,,,,,,-1.480713899,-2.353723947,-2.464240389,-0.338181944,-0.143842389,0.244951893,0.235324891,-0.671348356,-0.290919442,-2.237437513,-0.671926368,-0.716738481,-1.178654198,1.573454139,1.3573214,0.460340273,1.197853938,-2.689062614,-5.83336515,-4.269812351,-7.4682986,-3.979370493,-3.123086671,-5.814358674,-2.763109178,-1.822785316,-3.659686692,-3.457646722,-3.414638073,-3.218816463,-3.220683263
Netherlands,NLD,-4.077339828,-2.052740101,-3.122162627,-3.134699277,-3.534702697,-8.72369952,-1.906168549,-1.601471623,-1.335227776,0.28276087,1.135803234,-0.467759002,-2.230061185,-3.19187572,-1.824961012,-0.514714656,0.041025187,-0.162498495,-0.057577242,-5.060356442,-5.30479517,-4.421558719,-3.833602742,-2.872438087,-2.173064143,-1.835162871,0.225223036,1.354178736,1.494780083,1.908487563,-3.71688613,-2.259547978,0.002213681,-0.371095852,-0.944889747,-2.110742796,-2.790349091,-2.196705239,-2.24277926,-2.552199464,-2.644517221
New Zealand,NZL,-2.735707563,-6.143805989,-6.269678167,-1.526026613,1.992339684,3.696888829,2.575072047,1.234994782,-0.479000812,-1.114603155,0.169668419,1.285643533,2.550391528,3.68316338,4.492185632,5.129770915,4.618989805,3.596521813,1.469392288,-1.812449315,-5.511341421,-4.960457379,-2.191216644,-1.28714563,-0.33556351,0.364909913,0.977384751,1.35669594,1.269958736,-2.496273868,-4.345671618,-3.49961369,-4.157521707,-3.537597075,-3.606305289,-4.061519693,-3.581656143,-2.522388685,-1.465742233,-0.468627216,-0.008116848
Nicaragua,NIC,,,,,,,,,,,2.153925777,0.340528837,2.068782853,1.296053106,1.694838845,1.715671021,1.362800072,1.87943457,0.266870395,-0.895869184,0.691680652,0.591022405,0.223491733,-0.299480374,-0.892552746,-1.636672471,-1.92384399,-1.754645501,-4.345981954,-1.121797424,-2.570156526,-1.256921178,0.647171232,2.308007839,2.481221578,2.048498518,2.150363562,1.974760403,1.950615887,1.925997265,1.958632952
Niger,NER,,,,,,-3.187751328,-0.360475054,-2.387364613,-2.231274026,-4.274022437,-2.828269088,-2.587942768,-2.213222471,-2.174764882,-2.7635914,-1.527615981,31.04509167,-0.746668268,1.11080167,-3.926786258,-0.985197804,-2.193744972,-0.830159875,-1.932357667,-6.124642974,-6.746851709,-4.463526077,-4.116706327,-3.007968636,-3.558157224,-4.816395434,-6.099210189,-6.772006034,-5.373899129,-4.266858447,-2.96950774,-2.972356872,-2.980962852,-3.005027505,-3.015793353,-3.016871752
Nigeria,NGA,-0.476616914,-1.180708781,0.94196012,-6.074925386,-2.958087593,2.52115571,3.371808554,1.135629394,-3.47391552,-1.390736738,2.886684139,-2.288006461,0.953322231,-1.558825203,3.897397888,3.485049502,6.219989266,-0.792768942,4.045483678,-3.782067755,-2.962257949,0.306727523,-0.091333918,-1.890382523,-1.724757591,-2.697482453,-3.297710617,-3.845232043,-3.064162774,-3.30696946,-4.025677475,-3.966848757,-4.001404047,-3.124713648,-1.567024778,-2.931421253,-3.733301709,-2.847566454,-2.972247362,-3.273107192,-3.245548571
North Macedonia ,MKD,,,,,,,,-0.35944607,-1.627108937,0.027719895,2.374911692,-5.882148174,-5.241777265,-0.07222778,0.374057385,0.213175372,-0.507712308,0.577298374,-0.928438863,-2.627694623,-2.410718573,-2.473792833,-3.80691789,-3.8360919,-4.194977172,-3.475241254,-2.701775741,-2.733511728,-1.755243411,-1.967855426,-8.048362492,-5.316789226,-5.229584556,-4.614272363,-4.446809744,-5.038773584,-4.468186556,-3.969068392,-3.530851192,-3.030851192,-2.530851192
Norway,NOR,1.954299025,-0.118882445,-2.065565195,-1.643094446,0.041252456,2.961094771,6.007766543,7.352170523,3.065583718,5.714814956,15.04639753,13.17315468,9.026912467,7.204570671,10.8347692,14.72085158,17.88147813,17.03772688,18.53090034,10.19452296,10.87143345,13.27289764,13.67953892,10.60839682,8.571983413,5.987477409,4.036251197,4.957444894,7.813719303,6.522494,-2.55949965,10.28577693,25.4528725,16.5709737,13.24592068,12.7362218,10.68979003,10.04928437,9.646915767,9.242798559,8.766979936
Oman,OMN,4.776741912,0.116251674,-4.850235267,-6.836058055,-7.465259789,-3.899660921,2.218175207,4.772836992,-4.370520118,0.303150385,12.16018858,7.545100949,5.3136,5.919615812,5.430009892,11.20937704,12.2264204,10.48921109,14.65579961,-0.270653359,4.945638423,8.238659074,4.073352343,2.777717489,-1.576854715,-13.47358692,-19.62238117,-10.45923864,-6.719240597,-4.830049321,-15.67329272,-3.17310357,10.53089056,6.867295086,3.307863707,0.411631291,1.003216859,2.251673177,3.390156809,3.912104683,4.26753939
Pakistan,PAK,,,,-5.52614301,-3.626948966,-3.897553215,-4.333351407,-3.865333416,-4.462247486,-3.068712985,-3.212219708,-2.454799642,-2.636947177,-0.117873661,-1.291344694,-2.287291954,-2.786273318,-4.234394013,-5.937865621,-4.530808398,-5.415242806,-6.233850944,-7.743195135,-7.481025306,-4.36889549,-4.738768443,-3.923260741,-5.171266447,-5.673293644,-7.789131389,-7.031588643,-6.041185628,-7.8382843,-7.756329111,-6.80515898,-5.335298296,-4.131818673,-3.850714507,-3.275223652,-3.077500991,-2.828901179
Palau,PLW,,,,,,,,,,,-13.42634237,-16.68387437,-12.69910927,-3.184219554,-4.815785943,1.381904552,0.143057548,-2.078390241,-1.70573744,-2.136228852,-1.273854562,1.286511301,0.98288893,0.544519957,3.593044358,5.078833342,3.515458833,4.75562147,6.184754351,-0.359805855,-13.02206541,-9.940420967,-3.989561395,0.729656332,1.673735405,1.468192636,1.474163647,1.611248855,1.708012483,1.801401438,0.977123822
Panama,PAN,,,,,2.122171292,2.30478135,2.482399636,1.24491551,-1.114185836,-0.648229936,2.048039217,-0.416763899,-0.962918567,-2.271912895,-4.330992579,-2.211342406,0.514152672,3.121214167,0.374989672,-0.900989021,-1.676460991,-1.955150205,-1.313576576,-2.381736693,-3.213105972,-2.29670479,-1.887181771,-1.922792313,-2.879684594,-2.89241749,-10.20245427,-6.476903811,-3.981077233,-3.902295847,-7.415283621,-3.988766153,-3.488900121,-2.990578857,-2.49448546,-1.992405126,-1.49986146
Papua New Guinea,PNG,-2.035210175,-0.622997313,-4.332955731,-4.904576711,-1.00921829,1.077478842,2.05453547,0.672905271,-0.164736521,-1.936498923,0.303521225,-1.329111155,-1.749991285,0.187883002,2.025059805,2.849152348,5.337371913,6.899333849,2.734141083,-5.482534833,3.062360766,2.215389454,-1.189962176,-6.869731618,-6.265024183,-4.549721477,-4.74622004,-2.47470941,-2.579697116,-4.97580699,-8.85232886,-6.843405043,-5.253026007,-4.343411766,-3.234490139,-2.606574997,-1.156588072,0.032914402,0.092865985,0.305820606,0.397995027
Paraguay,PRY,7.561187677,3.408315707,3.098521295,4.266739858,4.587259237,2.780094568,2.431676508,3.004780073,4.278538704,2.670759856,-0.547277172,0.073858843,-1.893199073,-0.067038393,1.334800447,0.738207669,0.911307208,1.274497817,2.292417633,0.587636958,1.538393635,1.285161843,-0.582568344,-1.157135806,-0.27114559,-0.436755125,-0.373711497,-0.438696526,-1.01429854,-2.441812917,-5.719285906,-3.392357272,-2.63826467,-3.809461888,-2.118085572,-1.66278392,-1.321755344,-1.290882601,-1.266582198,-1.269721644,-1.285564284
Peru,PER,,,,,,,,,,,-2.115749849,-2.153764492,-1.403800951,-1.622006561,-1.032734878,-0.435681849,2.02912779,3.348358349,2.48452131,-1.478942573,-0.01549982,2.051142506,2.073055889,0.754212155,-0.188399429,-2.019615117,-2.118060915,-2.78860964,-1.944370943,-1.367850796,-8.161666028,-2.490619903,-1.38248978,-2.778845591,-3.538906226,-2.421016319,-2.172931965,-1.786739595,-1.531831823,-1.310756735,-1.149378519
Philippines,PHL,-1.521887672,-0.261848909,-0.434115567,0.628617553,-0.444680686,-0.016032423,0.537036155,0.367057702,-1.308515891,-2.287514488,-3.273769477,-3.494121809,-3.706824254,-3.491060452,-2.807019248,-1.624638178,-0.046357841,-0.284924301,0.016475724,-2.568889507,-2.253638815,-0.37959865,-0.219991238,0.368834324,1.321398645,0.143900893,-0.744592568,-0.751801013,-1.483943869,-1.503420871,-5.545645864,-6.232859277,-5.480898687,-4.376690764,-3.782174184,-3.572102447,-3.137321858,-2.64950206,-2.115904877,-1.827568087,-1.785312882
Poland,POL,,,,,,-4.391947195,-4.840286142,-4.607526414,-4.254031822,-2.299628717,-3.997902784,-4.729257788,-4.80248407,-6.017731265,-4.987628279,-3.925860353,-3.527034546,-1.879278942,-3.595358501,-7.236312593,-7.429752694,-4.974457385,-3.795364687,-4.246084991,-3.662159357,-2.594525245,-2.383137647,-1.485895687,-0.244846937,-0.733609435,-6.85317269,-1.745282335,-3.437283436,-5.272754413,-6.585973123,-6.992218918,-6.696624795,-6.368754335,-5.838816701,-5.508928566,-5.019385555
Portugal,PRT,-6.824279976,-7.930080965,-5.194263088,-8.058312175,-7.3687551,-5.143257496,-4.63208573,-3.653751702,-4.304319401,-2.987389144,-3.353591689,-4.734390179,-3.734860846,-5.659032997,-5.988441915,-6.105571838,-4.072811686,-2.91091579,-3.810884029,-9.873814607,-11.41891156,-7.728313461,-6.203441702,-5.21369194,-7.316146284,-4.373558331,-1.94424533,-3.001701711,-0.425322053,0.116555605,-5.752295148,-2.825486377,-0.310710367,1.211541218,0.699206047,0.152431803,0.035959737,-0.227879533,-0.547881637,-0.682767077,-0.910479876
Puerto Rico,PRI,,,,,,,,,,,,,,,,,,,,,,,,,-3.072553487,-2.116274048,-1.842948011,-1.109352917,0.024762773,1.898673972,-0.550755835,-0.257454433,1.789295323,0.326927138,-0.53797833,-0.418029082,-0.390891858,-0.351401283,-0.551025295,-0.165640699,-0.153292024
Qatar,QAT,3.226321144,-2.569254883,-2.736188336,-9.527796864,-11.80037732,-5.778996823,-8.728482968,-9.403828544,-7.00064473,-4.352842522,4.621880259,4.480566346,7.890903742,6.710575951,17.69105557,9.80339101,8.394930592,10.3433409,9.488777146,14.12935262,4.60012015,5.235655033,8.553778706,19.2700095,13.35241881,18.44707193,-9.203067146,-6.820077046,2.259720286,0.998713367,-2.133519056,0.243188505,10.39006768,5.559968931,0.694637751,-0.322575157,1.307551035,2.508854277,2.941878244,2.594904314,2.812694475
Romania,ROU,1.027002958,3.229649265,-4.552457333,-0.34982198,-2.19957437,-3.320022929,-4.738327069,-5.187122268,-5.329424962,-3.578793464,-3.988470827,-3.201223514,-2.594812818,-2.286232983,-3.393431562,-0.690414795,-1.359979181,-3.046269936,-4.604771045,-6.857780349,-6.21977908,-4.135324638,-2.385104465,-2.44267622,-1.758976868,-1.347543187,-2.496504844,-2.8561795,-2.737621763,-4.551950663,-9.542101776,-6.700746198,-5.832560206,-5.609264722,-8.676531534,-8.155980255,-5.822842629,-5.690423815,-5.583590689,-5.487339652,-5.038099877
Russian Federation,RUS,,,,,,,,,-7.42350776,-3.586600528,3.107075867,2.991244534,0.672593623,1.350124439,4.57475069,7.596959645,7.803539032,5.585366969,4.5494902,-5.888910069,-3.193876296,1.431818841,0.382340506,-1.162177861,-1.069955791,-3.386425437,-3.670032607,-1.46892589,2.923324627,1.929614826,-3.988749571,0.776242602,-1.342936484,-2.216502619,-1.603458731,-2.737439613,-1.754019853,-1.896336352,-2.02941973,-2.089449468,-2.085486676
Rwanda,RWA,,,-7.207319365,-6.602173275,-9.544827553,-2.040704146,-5.005908368,-2.22081567,-2.590581148,-4.413148341,-0.218411963,-1.801320321,-2.031721925,-1.232678261,2.274462099,1.123645903,-0.02899684,-1.555002201,0.82537213,0.259063566,-0.638515822,-0.86029112,-2.380764999,-1.26931866,-3.915619119,-2.680722157,-2.269762306,-2.516651162,-2.572852242,-5.077471279,-9.543032551,-6.99963074,-5.735198628,-5.039790314,-6.567761911,-6.290441841,-3.304967997,-3.163292609,-2.936663828,-2.741277736,-2.345711082
Saint Kitts and Nevis,KNA,0.620165299,0.918720965,0.49834063,0.24355391,0.790797994,0.898569134,-2.266621331,-2.332756859,-5.127970127,-11.11867725,-13.3344475,-10.86559088,-11.71321964,-5.65677716,-6.597864011,-3.449348423,-1.367790783,-1.029900111,-1.569409807,-1.226578359,-4.145427925,1.597049285,4.318755137,10.93001933,8.515988499,5.658022151,3.765319461,1.681360678,1.795936381,-0.701462205,-3.056838948,5.40643374,-4.159176494,-0.274996011,-10.99299746,-12.15255338,-8.192027042,-6.889189246,-7.002595237,-7.110632499,-7.208357282
Saint Lucia,LCA,0.292454413,-0.429524538,-0.662484852,-0.256562828,-0.018287029,-0.133860389,-0.576075342,-1.125744878,2.247129974,1.617414428,-1.158322319,-3.078445985,-3.099702843,-3.233609237,-2.62638769,-6.179888037,-5.068364823,-1.620745919,-0.716642608,-2.666089405,-4.165503612,-5.375558316,-7.62011242,-4.83895986,-3.082604971,-2.35277613,-0.790604983,-1.139071015,-1.030569353,-3.510395933,-12.04356927,-5.095747217,-1.671878456,-3.090804855,-2.127524818,-2.836409913,-2.67736675,-2.794162611,-2.616502725,-2.407595531,-2.182598066
Saint Vincent and the Grenadines,VCT,1.685183909,-0.472014272,-3.247156815,-1.460756587,0.121210531,1.083458736,1.565794111,-2.769091846,-1.805030712,-1.926016464,-0.816656004,-1.598387396,-1.999601923,-2.508974994,-2.710929672,-4.301870342,-3.125283313,-3.071484504,-1.295417638,-2.851010503,-3.696104868,-3.499053823,-1.808104488,-5.811421882,-2.819891817,-2.013364387,0.039582208,-1.561980605,-1.64583034,-3.452090113,-5.922676517,-7.18963309,-9.34786017,-11.96240852,-12.89889052,-7.573500444,-0.513671667,0.677556048,0.837632533,0.947412768,1.125750327
Samoa,WSM,,,-9.886471171,-13.16893174,-9.50510721,-5.824336068,1.213302525,1.92116302,1.636844336,0.273706649,-0.615865674,-1.957433036,-1.769534564,-0.511825802,-0.743014104,0.23099367,-0.443980795,0.54579857,-0.355701697,-2.982327154,-5.486400401,-5.249944525,-7.430189915,-3.816505606,-5.376180661,-3.787033132,-0.346326636,-1.976751079,0.056895273,1.507025561,5.407900346,1.712505062,5.027608207,2.70124844,9.288444669,4.995474185,-0.076626149,-1.459780717,-1.874065649,-2.025747447,-2.108812037
San Marino,SMR,,,,,,,,,,,,,,,2.444832111,3.583093556,1.506742088,1.825315798,0.176208428,-2.460579123,-2.238409212,-4.049455372,-7.079258601,-7.740702798,1.064454676,-3.323752453,-0.185220061,-3.48601902,-1.555799792,-0.10801267,-37.59204728,-16.4177826,0.423721169,-0.724413347,-0.531246868,-1.676607469,-1.205558522,-1.147883712,-0.444462217,-0.402241355,-0.369774388
Saudi Arabia,SAU,,-3.28123883,-8.121037408,-9.32697946,-8.311637003,-5.1227695,-3.246767454,-2.50573984,-8.875210071,-5.991369289,3.184129026,-3.905913975,-5.90699022,1.198597764,9.717906462,17.98696587,20.82287453,11.78360395,29.80191737,-5.383452778,4.391633324,11.3940649,11.67990995,5.469234732,-3.4033895,-14.94431809,-13.19493436,-8.572470804,-5.207852701,-3.964655154,-10.22009553,-1.993157355,2.240179594,-1.770556965,-2.488305686,-3.651166865,-3.661319203,-3.824025133,-3.682366514,-3.416027231,-3.366431252
Senegal,SEN,,,,,5.903216209,2.407289396,0.921537013,0.980116506,0.92713551,-0.615476591,0.781855161,-1.44136481,0.190711366,-0.51617328,0.184422381,-0.263032543,-3.66518227,-2.797821263,-3.53109852,-3.66282914,-3.937663912,-4.924469194,-4.184508792,-4.335438181,-3.896273247,-3.663397441,-3.27210404,-2.968032331,-3.662685396,-13.93179748,-9.63521397,-13.67320438,-16.12998824,-14.76574231,-13.41611559,-7.927356003,-4.974165547,-3.029855014,-2.953276939,-3.011908369,-2.988263535
Serbia,SRB,,,,,,,,,,,-0.148284084,0.324940663,-2.328098873,-2.385020629,0.061060156,1.020528021,-0.904996479,-0.802001532,-4.254524785,-3.302086992,-3.34748568,-3.753204233,-6.106684639,-4.788612802,-5.608373833,-3.245169055,-1.078446556,1.316311075,0.77817629,-0.00436356,-6.91310624,-3.155648075,-0.141169361,-1.210713139,-1.753387751,-2.734359206,-2.780157412,-2.801089613,-2.322879873,-2.304848253,-1.80675734
Seychelles,SYC,11.91093488,3.151355992,6.442463533,-3.623472878,-6.946631292,-2.579666956,-9.692399408,-5.90575523,-16.66999719,-10.26410073,-14.74018922,-8.926857033,-16.26043339,3.396319127,0.437431056,0.421896442,-2.537627704,-9.929429303,7.881928947,4.838695709,0.521485308,3.359832523,2.934039855,0.328581134,2.873686302,1.388983456,0.017620185,-1.670743939,-0.802049797,0.423186035,-15.74602236,-5.755163912,-0.758028391,-1.144792887,-0.693330644,-2.099479531,-2.190612773,-1.43499078,-0.859617531,-0.314242976,-0.276323445
Sierra Leone,SLE,,,,,,,,,,,-1.943448422,-3.219312327,-3.027523058,-2.782891779,-1.45591511,-1.166853854,-0.930303628,12.56829108,-2.217025913,-1.509519662,-3.08963348,-2.784709239,-3.412526878,-1.744257521,-2.768457592,-2.864960889,-5.413617458,-5.610760125,-3.573307662,-1.952509246,-3.49832354,-4.349071978,-5.929253326,-4.988716551,-4.52876048,-4.449903796,-2.127429333,-0.430270822,0.339371182,-0.663373805,-0.925623513
Singapore,SGP,1.965814016,0.681668507,2.701406574,4.356950718,7.904685911,4.803523194,1.982856985,5.663036098,2.413933157,5.203832731,4.592846764,1.196592559,2.232090069,0.678051636,2.059766049,2.555514611,2.159889319,7.120218448,3.589224189,-0.093743484,5.684105968,7.961742097,7.335980767,5.962658223,4.599607634,2.859540169,3.254878476,5.243519205,3.680385094,3.768767516,-6.733980862,1.125581012,1.208273272,3.467975328,4.439322212,3.108096483,2.709255967,2.359255967,2.126330484,1.910479518,1.944628552
Slovak Republic,SVK,,,,,,-3.428234754,-9.720830093,-6.235149562,-5.368771855,-7.251993765,-12.68999747,-7.743249979,-8.353142557,-2.281440787,-2.35928943,-2.857034882,-3.570072228,-2.258288145,-2.540820286,-8.184503366,-7.444424721,-4.355613756,-4.366213421,-2.861230904,-3.245069701,-2.782042445,-2.593553667,-0.984695205,-1.005916308,-1.205001502,-5.295979881,-5.090181344,-1.156879016,-5.151878476,-5.272872813,-5.19697197,-5.364787123,-5.523499683,-5.523146023,-5.630030602,-5.788904623
Slovenia,SVN,,,,,,-8.192969499,-1.155003636,-2.36837472,-2.394024571,-3.043255158,-3.772174739,-4.579799022,-2.474154156,-2.663902933,-1.980970719,-1.378620826,-1.258052559,-0.077282186,-1.44056637,-5.871845896,-5.5557713,-6.685842609,-4.197185921,-11.22712,-4.526319461,-2.837332668,-1.9990903,0.05372371,0.896345112,0.68069731,-7.67672186,-4.610396599,-3.015034739,-2.586260734,-0.933873841,-2.449409086,-2.619234776,-2.615004001,-2.698691121,-2.816222725,-2.836110719
Solomon Islands,SLB,0.580741739,0.13726557,4.128565797,2.452464347,4.328981603,3.191227461,3.731854671,2.136328644,5.039666907,-0.322124676,-2.929148373,-2.396105951,-4.349629168,10.56075525,17.03199937,13.38959663,12.95977764,15.31126839,1.937954879,2.350781773,6.016513718,6.224762411,4.633308417,3.571077349,2.127022519,0.80841269,-3.558216751,-2.271493855,1.487511066,-1.524066438,-2.437889085,-1.858640077,-2.508051961,-3.8054846,-3.083087902,-3.147169035,-3.123714848,-2.992573398,-2.966105673,-2.966582426,-2.801062173
South Africa,ZAF,,,,,,,,,,,-1.382775207,-1.015463634,-0.958147438,-1.588173289,-1.043936763,-0.101506693,0.81330275,1.215315217,-0.487939599,-4.667333421,-4.514150986,-3.70427488,-4.039474293,-3.904195734,-3.926334406,-4.373992975,-3.724992713,-4.015834084,-3.732260086,-5.072103146,-9.621384498,-5.540229696,-4.249858778,-5.545419797,-5.789946435,-5.98576759,-5.647189592,-5.326930519,-4.997223976,-4.78406594,-4.679764162
"South Sudan, Republic of",SSD,,,,,,,,,,,,,,,,,,,,,,4.570495659,-14.80985657,-3.449580019,-9.066028704,-16.41599115,-19.83534149,9.564792684,-1.060084425,0.041914973,-5.499090264,-9.298136845,4.476677187,8.035439711,11.68280921,6.638867915,4.127910702,3.278546137,2.613020118,2.528820343,2.76207763
Spain,ESP,-3.900306576,-4.578932272,-4.264600577,-6.889781468,-6.314959674,-6.793348962,-5.86588294,-3.859175175,-2.626903713,-1.240167864,-1.161266213,-0.454948799,-0.316641414,-0.374867787,-0.095109754,1.230549432,2.121642706,1.882712584,-4.560368634,-11.23738339,-9.487394919,-9.694672917,-11.49653849,-7.49162484,-6.073156623,-5.264866913,-4.264862636,-3.096346742,-2.575651089,-3.040256519,-10.02458347,-6.658335181,-4.632437968,-3.516515652,-3.147842667,-2.723404036,-2.465582431,-2.393483337,-2.259927789,-2.121047187,-2.01676991
Sri Lanka,LKA,-6.388579983,-7.972537516,-4.951440056,-5.774540619,-7.405552746,-7.110119594,-6.892287398,-5.710359367,-6.785599896,-5.583949333,-7.777838189,-8.480272856,-6.904441726,-6.152273326,-6.322859786,-5.933252353,-5.913277332,-5.808207168,-5.930205426,-8.327736252,-6.727562636,-6.00943299,-5.439399571,-5.004734167,-5.991644604,-6.638963111,-4.997481459,-5.098197934,-4.955525473,-7.519227906,-13.35806409,-11.68346976,-10.22295827,-8.323425852,-5.637913573,-5.390771766,-4.432600139,-3.834005935,-3.791124695,-3.649617988,-3.463378508
Sudan,SDN,-16.20748934,-26.47715974,-24.51715076,-8.042200486,-3.032347236,-3.480034403,-2.610483092,-0.590306825,-0.561008989,-0.799562008,-0.69807111,-0.766880761,-0.685290221,0.768410924,0.156031096,-1.875672021,-1.323350301,-2.841968725,0.491470457,-3.795780858,0.110568158,-2.326906372,-7.368441602,-5.760755101,-4.71845162,-3.86940297,-3.918356725,-6.069399218,-7.922167069,-10.77930972,-6.032443145,-0.287211987,-2.146552543,-3.695228792,-3.456607356,-3.044288161,-4.081171284,-4.335395547,-3.692699153,-3.444966912,-2.779108345
Suriname,SUR,-3.043823914,-9.801106895,-6.452081347,-4.675065383,-1.893992335,1.165631943,3.419868305,-0.322631305,-6.389521271,-4.917722466,-7.758033028,3.489686295,-3.295620289,-0.113881593,-1.202372045,-3.390685089,0.592483553,5.014070644,2.393437521,2.02798447,-0.15373883,2.318833322,-0.38007442,-2.641532583,-2.650377239,-8.291188987,-10.18651546,-8.620020619,-8.558792698,-20.22534211,-11.9544351,-5.660415335,-2.689104169,-1.679231586,-2.423707246,-9.623506451,-1.74818739,-0.828731976,1.98054079,6.09322304,6.056980505
Sweden,SWE,3.698928352,0.284277795,-8.512939614,-10.87513707,-8.774570926,-7.008999182,-3.10734319,-1.570218436,0.821768197,0.59769833,3.107596185,1.374250235,-1.456003952,-1.245164562,0.16617209,2.082451496,2.195028771,3.36797866,1.872918001,-0.889133564,-0.143713357,-0.407496511,-1.191409842,-1.629997141,-1.840720182,-0.271594749,0.861864674,1.289388636,0.672563756,0.440197539,-3.18014385,-0.148548478,1.002782642,-0.630275458,-1.719688325,-1.372343803,-1.753150858,-0.661149429,-0.228535432,-0.003400896,-0.003400896
Switzerland,CHE,-0.045809998,-1.846826717,-2.960800333,-3.14507495,-2.592937988,-1.857806569,-2.013778022,-2.332821588,-1.306188643,-1.572238111,0.281890822,0.207438218,-1.745291254,-1.358869469,-1.392803257,-0.645877741,0.846042228,1.574920462,1.934696936,0.497878965,0.354219726,0.683439842,0.235190813,-0.432230521,-0.247065884,0.545755035,0.238257673,1.129913788,1.289900269,1.341030758,-3.014201769,-0.289472148,1.191151663,0.122386278,0.576702368,0.2605498,0.059966985,0.15667079,0.15667079,0.062634709,0.062634709
Syria,SYR,-3.923943039,-6.567016085,-7.25829454,-4.963082017,-5.998987027,-3.808117693,-2.825765679,-1.780653434,-2.811584375,-1.473582943,-1.360531289,2.304742257,-2.022616818,-2.703965785,-4.181969877,-4.408340193,-1.12049164,-2.987197817,-2.864384033,-2.891807655,-7.790031102,,,,,,,,,,,,,,,,,,,,
São Tomé and Príncipe,STP,,,,,,,,,,,51.51664024,-13.51966269,-10.42332873,-15.92586519,-25.11516189,26.81209964,17.99199568,125.1352834,13.648089,-18.02415674,-12.11945144,-13.02458049,-12.25689863,2.134129389,-6.274228312,-7.600221303,-5.00639591,-3.107337201,-2.02311784,-0.066199291,2.939859296,-1.515512048,-2.240516525,-2.131129189,0.920807819,1.079278773,2.304417164,3.652945493,3.474951814,3.284071217,3.632290821
Taiwan Province of China,TWN,-3.991644659,-9.241877841,-6.788042515,-6.049668557,-6.197684779,-6.756486118,-7.134904987,-7.473442063,-5.235738763,-2.348050565,-5.330334519,-5.587762146,-5.241701446,-4.333123343,-4.622086724,-2.497317357,-2.17880819,-2.222664259,-2.736624735,-6.196160373,-5.092248799,-4.033822232,-4.313609597,-3.242385489,-2.724889841,-1.782374009,-2.192672211,-2.021832993,-1.865928747,-1.776367311,-2.910926899,-2.062641518,-1.714868066,-2.496631309,-1.450001388,-0.322584764,-0.164754538,-0.006924312,0.150905915,0.308736141,0.466566367
Tajikistan,TAJ,,,,,,,,,-5.088273215,-4.030468253,-4.513684768,-2.114907493,-2.400062594,-1.744853936,-2.316810124,-2.827392034,2.001641269,2.131381667,1.941540765,-0.201478713,-2.706824069,0.604406046,0.406559,-0.73467805,0.922460529,-1.962513979,-2.910699446,-5.646991323,-2.690380619,-2.043000273,-4.339408901,-0.640727839,-0.234156899,-0.930291228,0.276065377,-2.5,-2.5,-2.5,-2.5,-2.5,-2.5
Tanzania,TAN,,0.604511181,-4.958785044,-2.023239438,-3.737071552,-2.117470592,1.570933934,-0.026471672,0.132649965,-1.138976744,-0.730489235,-0.414088584,-0.726687209,-1.774952997,-2.433816886,-3.276093708,-3.383750057,-1.44348043,-1.91719457,-4.46352826,-4.743837971,-3.511364762,-3.996943201,-3.759214945,-2.911427175,-3.168578542,-2.083237999,-1.142497881,-2.009788417,-2.058933487,-2.557447613,-3.545681434,-3.916480607,-3.667037982,-3.025130164,-2.97828876,-3.022110553,-2.994568579,-3.009014167,-3.031384079,-3.01031927
Thailand,THA,,,,,,3.054326747,2.749301283,-1.680828895,-6.292091253,-9.017192244,-1.792068001,-1.768093556,-6.722498641,1.978324178,1.105924705,2.17304018,1.866659795,0.219944574,0.801032877,-2.213973862,-1.069704512,0.094141532,-0.860479551,0.59605713,-0.699918176,0.186615458,0.413006474,-0.41669205,0.202900347,0.426861743,-4.469134608,-6.744281061,-4.609255636,-1.975587736,-1.2935821,-2.594893131,-2.473012016,-2.445010986,-2.398383414,-2.392388839,-2.395572216
Timor-Leste,TLS,,,,,,,,,,,,3.241732881,-7.638515609,-8.238382692,-7.479046431,-10.49666494,41.03226233,-29.93206226,-18.56178697,-17.16976525,-19.79332022,-25.3799875,-38.68948785,-14.3674081,-37.52240404,-33.2048578,-55.7490649,-33.77451459,-26.90483376,-25.4385416,-18.89900899,-20.1487559,-29.4681557,-34.7274242,-43.50923043,-50.42270776,-50.11452314,-50.60695263,-51.21860229,-51.5694151,-51.84696576
Togo,TGO,-1.646280855,-3.519135946,-2.272374436,-8.459314858,-5.372335618,-2.969339462,-3.259356469,-0.9833922,-3.250921051,-1.755993404,-3.445716841,-0.715579384,-0.280209565,1.434829903,0.609986167,-1.666330644,-1.944883434,-1.832555577,-0.590603997,-2.625934222,-1.661948554,-4.475169962,-4.634768313,-5.082524637,-7.114644512,-7.03576472,-7.024795127,-0.208093757,-0.590568169,1.665950416,-7.047365603,-4.653269026,-8.334690686,-6.728267403,-7.430058775,-7.57684373,-3.029556618,-3.03545192,-2.968869714,-3.000654892,-3.023832432
Tonga,TON,,,,,,,,,,1.548138639,1.348676294,2.232545737,2.588931746,2.370098448,4.232688514,4.230460743,1.341528361,5.390819687,2.138953438,6.850237425,-1.216934643,-6.023470326,-1.737399702,-1.300861746,6.380321314,-2.748206954,1.467723192,3.578639917,2.920914885,3.277790117,5.246426273,-0.868582289,-0.100600437,6.140164063,4.170758871,5.640713376,-7.685837265,-8.332939199,-9.789974374,-11.14078264,-12.88738796
Trinidad and Tobago,TTO,-1.274291428,-0.211116292,-2.741041716,0.233218723,-0.020458499,0.165928335,-0.450796198,0.113186315,-1.802141646,-0.877424848,0.168212523,0.607141334,-0.199953929,1.802278622,1.840969077,2.362458521,1.555297653,3.118213496,5.392731932,-5.415485587,0.130910074,-0.666578192,-1.258631769,-2.667537016,-4.307717594,-7.564005444,-10.05389881,-10.38820148,-5.890929153,-3.738387955,-12.20008813,-8.102295784,0.921743344,-1.236344698,-5.236272363,-5.182733992,-5.889291889,-4.734544534,-2.626090734,-1.500331454,-1.023066008
Tunisia,TUN,,-5.253202784,-3.451425729,-3.220934886,-2.87101795,-4.527071151,-5.178711222,-3.703689392,-2.837586872,-3.052411347,-3.215021815,-2.874496552,-2.547300189,-2.644189109,-2.100083357,-2.588801834,-2.334445362,-2.466123339,-0.619393262,-2.586913004,-0.456608974,-3.193155753,-4.898624998,-7.047616831,-3.114746175,-4.948556468,-5.868946777,-5.607335273,-4.265326977,-3.602974917,-9.057182586,-7.597213176,-6.909295629,-7.027818603,-5.922326902,-5.383712826,-5.21985569,-5.563588083,-6.227431346,-6.905226041,-7.770452009
Turkmenistan,TKM,,,,,,,,-0.203837434,1.150236096,2.482144347,-0.553947361,0.773906563,0.185266575,3.987310097,1.474821343,0.864631302,5.636327785,4.192619804,10.73348163,7.53457035,2.126094398,3.837146142,7.530162895,1.53024153,0.887203459,-0.69750616,-2.381034054,-2.838440613,-0.215256356,-0.401562798,-0.157833203,0.565917884,3.376955301,0.109894109,-0.08341565,0.070122758,-0.481557217,-0.651445337,-0.823834901,-1.002973342,-1.182962773
Tuvalu,TUV,,,,,,,,,,,,,,,-3.595221733,-12.77853526,-36.81517675,-18.59260571,-17.2252159,-13.50648224,-23.35038739,-8.802231391,9.580051294,26.04382338,3.260767052,14.71538356,27.46704993,2.094625552,30.28837581,-1.072035764,13.68978844,-13.28319494,-14.59571721,15.34131016,-8.229389226,0.646086505,-2.965916894,-4.275569715,-4.949135554,-5.522772287,-6.031564324
"Türkiye, Republic of",TUR,,,,,,,,,,,-8.356130282,-11.6428166,-11.31445071,-7.552694045,-4.108608954,-0.746008737,-0.217465781,-1.367905264,-2.129896969,-5.141736642,-2.9936479,-0.351867171,-1.776907342,-1.206036312,-0.963389508,-0.511719339,-1.676602008,-1.867113926,-3.096947007,-4.690477176,-4.635632075,-2.976062111,-1.095750234,-5.215953955,-4.568663227,-3.689166594,-3.768617095,-4.036869483,-3.81850135,-3.636796729,-3.437853219
Uganda,UGA,,,,,,,,-0.82914947,-0.704580448,-1.23720658,-0.623678685,-0.993817731,-2.068174876,-0.96912042,0.342505422,-0.16996894,-0.637013441,-0.815082587,-1.994766341,-1.609836154,-4.644662136,-2.042710281,-2.385337726,-3.190482822,-2.740455131,-2.593776563,-2.640487632,-3.825702041,-3.023027894,-4.816022395,-7.760647413,-7.761677755,-5.446008355,-4.872242627,-3.992597206,-6.684746986,-5.279059934,-4.947394464,-5.079720457,-5.90720779,-5.376502786
Ukraine,UKR,,,,,,-4.72142058,-3.093274027,-5.373913832,-2.687960264,4.954458362,-3.186267271,-3.031377244,-1.84119974,-0.893075984,-4.414977932,-2.276962102,-1.364704915,-1.967389628,-3.138849767,-6.271518025,-5.772013794,-2.76155758,-4.307064511,-4.784336315,-4.459976275,-1.159825106,-2.459300115,-2.356404029,-2.123696449,-2.082171095,-5.918002884,-3.971656563,-15.60159205,-19.34125628,-17.20991163,-21.33474541,-10.13700597,-4.557823802,-3.346789062,-2.225671474,-2.011885042
United Arab Emirates,ARE,,3.890170445,3.337217598,-2.885747835,-1.783644188,3.582603649,0.916731715,6.711355502,0.995933005,1.306052278,10.66035757,1.205320945,-1.237839317,2.351605961,6.400208212,15.98714404,20.15002895,17.12593107,17.6379329,-6.126634178,0.518656072,5.053237164,8.588207803,7.994792511,1.743246446,-6.354338081,-2.95169034,-0.159098321,3.653906104,2.495053148,-2.415153345,3.963313049,9.804753327,5.817431283,6.414806458,5.084797842,4.755717855,4.714319583,4.679195954,4.602309109,4.525625791
United Kingdom,GBR,-1.535039662,-2.76575188,-5.407361597,-6.623584961,-5.741285703,-4.987996643,-3.647170912,-2.010268459,-0.212819016,0.759838504,1.39522799,0.335649814,-1.957129152,-3.215203595,-3.164209076,-3.150243539,-2.758964103,-2.653568444,-5.087035643,-10.0568052,-9.219279688,-7.377585574,-7.449371687,-5.343891553,-5.528871192,-4.594012578,-3.312287079,-2.491113969,-2.270078948,-2.47224499,-13.17294244,-7.724818413,-4.555601822,-6.054216145,-5.748741928,-4.336484728,-3.608600187,-2.97720687,-2.740600754,-2.522213825,-2.235795031
United States,USA,,,,,,,,,,,,-0.544239352,-3.821257011,-4.770596476,-4.24374702,-3.074996932,-2.036053447,-2.913007582,-6.612479138,-13.17682457,-10.99252607,-9.7155046,-8.113769268,-4.560712175,-4.02600504,-3.529510795,-4.356364565,-4.794193381,-5.334866344,-5.80539671,-14.12121248,-11.43393753,-3.720318101,-7.798349604,-8.031315417,-7.364785218,-7.86171787,-7.970146111,-8.114122379,-7.700652856,-7.591823414
Uruguay,URY,,,,,,,,,,-2.760621101,-2.758227167,-2.852227928,-3.186486625,-2.193659378,-0.868099134,-0.275738268,-0.642892492,-0.15674844,-1.305397225,-1.393701368,-0.387287398,-0.333791228,-2.172756595,-1.721969024,-2.599698933,-1.856900865,-2.681404446,-2.510300014,-1.887554573,-2.713893036,-4.635917648,-2.61418183,-2.521094436,-3.134516733,-3.217158089,-3.291815275,-3.83687662,-3.243574425,-2.72697883,-2.156078958,-2.145727395
Uzbekistan,UZB,,,7.152428059,-11.95216255,-4.472884414,-1.769658195,-1.570536838,-2.048985542,-3.039163395,-2.906823583,-3.656908051,-3.278347196,-6.314540223,-4.871950383,-3.74113297,-3.521035255,2.722160671,3.554055237,5.970999651,1.818659929,2.561481844,5.109829284,5.885252278,2.1514224,1.898119725,-0.277268365,0.704305414,1.04385068,1.638712037,-0.302327878,-2.949970512,-4.096969176,-3.652021006,-4.031524466,-2.370025204,-2.361108594,-2.300309105,-2.385158146,-2.340678436,-2.335340873,-2.329256267
Vanuatu,VUT,,-2.807335586,-2.323452745,-3.668920433,-1.493169413,-2.586386722,-1.777150401,-0.507299342,-6.646458496,-0.552112543,-6.275681873,-3.326088394,-3.633901458,-1.348153476,0.799929726,1.856787506,0.485867139,0.27581383,-0.043098408,-0.845598116,-2.628161733,-2.19214861,-1.699818124,-0.245634101,1.435288745,-8.662703426,-0.720297231,-1.200110658,6.255073384,2.811167985,-1.947211924,2.38034877,-6.503594993,-0.948257484,-2.340468692,-4.980074645,-4.734832396,-4.356282021,-3.857122655,-3.86435546,-3.710864669
Venezuela,VEN,3.837691511,-2.276180348,-6.367893672,-2.920910866,-11.18743968,-5.864383715,7.939882773,2.577187545,-4.489350282,0.742750787,4.449624304,-4.593408018,-1.48231228,0.171416445,2.470453084,4.094750866,-1.604650049,-2.815425963,-3.46101926,-8.685966478,-4.73949128,-8.243967775,-9.855843359,-10.35148635,-9.808392236,-8.063351981,-8.462656974,-13.27311201,-30.97602741,-10.932855,-6.628197399,-5.846635961,-5.289815322,-1.248476404,-3.599991607,-5.525681598,-5.5,-5.5,-5.5,-5.5,-5.5
Vietnam,VNM,,,,,,,,,-0.099042278,-1.245925402,-1.60529897,-2.192236616,-1.854854448,-2.558549628,-0.149549058,-0.953925795,0.20057987,-1.738695465,-0.447187085,-4.824294867,-2.25090554,-0.900955875,-5.462264626,-5.964025796,-5.016688994,-4.983223683,-3.163970783,-1.964006588,-1.021052309,-0.396740695,-2.86116551,-1.431931068,0.67090225,-1.717893943,-1.535665715,-3.259250501,-2.336796776,-2.15173925,-2.062518658,-2.038396107,-2.033533836
Yemen,YEM,-10.2734853,-5.761653995,-10.9048328,-12.79583453,-14.02725769,-5.739307577,-0.917932172,-1.502049329,-7.771003278,0.060175298,6.08732201,2.787014748,-0.555482488,-4.200715724,-2.152456222,-1.821754146,1.186180547,-7.183132372,-4.531695393,-10.21097569,-4.058458583,-4.506747746,-6.31517652,-6.897118695,-4.136083974,-8.749793204,-8.507021115,-4.904564229,-7.847146694,-5.885731037,-4.300823141,-0.889684026,-2.151373295,-5.633211311,-2.476039382,-3.662240194,-4.529696341,-4.658632837,-1.297082584,-3.904634645,-2.066265047
Zambia,ZMB,,,,,,,,,,,1.160610163,-5.892186391,-4.498904659,-5.314294719,-2.508440648,-2.372064414,16.91274579,-1.036850222,-0.667891772,-2.057125339,-2.432209004,-1.783438537,-3.15741804,-6.395299362,-5.43297664,-8.877561926,-5.690863327,-7.498812702,-8.308662167,-9.407156139,-13.76213388,-8.134937246,-7.820747396,-5.478546618,-3.321001287,-5.25356753,-3.704811997,-1.646571968,-1.630718433,-1.357508796,-1.148515724
Zimbabwe,ZWE,,,,,,,,,,,,,,,,-3.462149531,-1.400009414,-1.674338647,-1.196275532,-1.391271409,-0.106294498,-1.717269346,-0.127167316,-0.69178139,-0.70631559,-1.445897163,-4.627511016,-7.37313973,-3.813903643,-1.719347339,-0.337051297,-2.23892973,-3.303288974,-3.903645722,-1.055291371,-0.748,-0.227,0.00475609,-0.031940875,-0.058559302,-0.09112383