Population (Millions of people),Country code,1980,1981,1982,1983,1984,1985,1986,1987,1988,1989,1990,1991,1992,1993,1994,1995,1996,1997,1998,1999,2000,2001,2002,2003,2004,2005,2006,2007,2008,2009,2010,2011,2012,2013,2014,2015,2016,2017,2018,2019,2020,2021,2022,2023,2024,2025,2026,2027,2028,2029,2030
Afghanistan,AFG,,,,,,,,,,,,,,,,,,,,,,,21,22.645,23.554,24.411,25.443,25.903,26.427,27.385,28.19,29.249,30.466,31.541,32.716,33.753,34.636,35.643,36.687,37.769,38.972,40.099,40.8,42.2,43.373,,,,,,
Albania,ALB,2.672,2.726,2.784,2.844,2.904,2.965,3.023,3.084,3.142,3.228,3.287,3.267,3.247,3.227,3.208,3.188,3.168,3.148,3.129,3.109,3.089,3.06,3.051,3.04,3.027,3.011,2.993,2.97,2.947,2.928,2.913,2.905,2.9,2.895,2.889,2.881,2.876,2.873,2.866,2.854,2.838,2.812,2.778,2.75,2.722,2.695,2.668,2.642,2.615,2.589,2.563
Algeria,DZA,18.666,19.246,19.864,20.516,21.175,22.2,22.8,23.4,24.1,24.7,25.022,25.643,26.271,26.894,27.496,28.06,28.566,29.045,29.507,29.965,30.506,30.954,31.414,31.885,32.366,32.855,33.351,33.858,34.591,35.268,35.978,36.717,37.495,38.297,39.114,39.963,40.836,41.721,42.578,43.424,43.851,44.577,45.291,45.973,46.626,47.251,47.851,48.425,49.006,49.594,50.685
Andorra,AND,,,,,,,,,,,,,,,,,,,,,,,,,,,,,,,0.07,0.07,0.07,0.07,0.071,0.072,0.073,0.075,0.076,0.078,0.078,0.08,0.082,0.085,0.087,0.089,0.091,0.093,0.096,0.098,0.1
Angola,AGO,8.272,8.495,8.72,8.948,9.185,10.35,10.646,10.918,11.214,11.521,11.829,12.229,12.633,13.038,13.462,13.912,14.383,14.871,15.367,15.871,16.394,16.942,17.516,18.124,18.771,19.451,20.162,20.91,21.692,22.508,23.364,24.259,25.188,26.147,27.128,28.128,29.155,30.209,31.274,32.354,33.428,34.504,35.589,36.684,37.968,39.297,40.672,42.096,43.569,45.094,46.673
Antigua and Barbuda,ATG,0.068,0.068,0.067,0.066,0.065,0.064,0.063,0.062,0.061,0.06,0.06,0.061,0.062,0.063,0.065,0.067,0.068,0.07,0.072,0.074,0.076,0.077,0.078,0.078,0.079,0.08,0.081,0.082,0.083,0.084,0.085,0.086,0.087,0.088,0.089,0.091,0.092,0.094,0.095,0.096,0.098,0.099,0.101,0.102,0.104,0.105,0.106,0.108,0.109,0.11,0.112
Argentina,ARG,27.95,28.45,28.93,29.34,29.84,30.35,30.74,31.09,31.47,31.86,32.53,32.97,33.42,33.917,34.353,34.779,35.196,35.604,36.005,36.399,36.784,37.156,37.516,37.87,38.226,38.592,38.971,39.356,39.746,40.134,40.788,41.261,41.733,42.203,42.67,43.132,43.59,44.045,44.495,44.939,45.377,45.809,46.235,46.655,47.121,47.592,48.068,48.549,49.034,49.525,50.02
Armenia,ARM,,,,,,,,,,,3.51,3.51,3.45,3.37,3.255,3.247,3.242,3.235,3.23,3.221,3.212,3.2,3.183,3.165,3.146,3.127,3.107,3.087,3.066,3.037,3.02,3.024,3.022,3.014,3.005,2.992,2.979,2.969,2.963,2.962,2.962,2.969,2.984,3.034,3.116,3.106,3.096,3.086,3.075,3.064,3.052
Aruba,ABW,,,,,,,0.081,0.085,0.088,0.089,0.09,0.091,0.092,0.092,0.094,0.096,0.099,0.1,0.1,0.101,0.102,0.102,0.103,0.105,0.106,0.107,0.109,0.109,0.109,0.109,0.109,0.108,0.107,0.107,0.108,0.108,0.109,0.109,0.109,0.109,0.109,0.109,0.109,0.109,0.109,0.109,0.109,0.109,0.109,0.109,0.109
Australia,AUS,14.802,15.039,15.289,15.483,15.677,15.901,16.139,16.395,16.687,16.937,17.17,17.379,17.557,17.719,17.893,18.12,18.33,18.51,18.706,18.919,19.141,19.386,19.605,19.827,20.046,20.312,20.628,21.016,21.476,21.866,22.172,22.522,22.928,23.298,23.64,23.985,24.385,24.759,25.146,25.52,25.631,25.774,26.32,26.954,27.4,27.743,28.089,28.426,28.767,29.113,29.462
Austria,AUT,7.54,7.556,7.565,7.543,7.544,7.549,7.557,7.567,7.576,7.594,7.645,7.711,7.799,7.883,7.929,7.948,7.959,7.968,7.977,7.992,8.012,8.042,8.082,8.118,8.169,8.225,8.268,8.295,8.322,8.341,8.361,8.389,8.426,8.477,8.544,8.63,8.74,8.815,8.885,8.859,8.901,8.932,8.978,9.105,9.159,9.182,9.205,9.228,9.254,9.279,9.305
Azerbaijan,AZE,,,,,,,,,,,,,7.459,7.487,7.597,7.644,7.726,7.8,7.877,7.953,8.033,8.114,8.191,8.269,8.349,8.447,8.553,8.666,8.779,8.922,8.997,9.111,9.235,9.356,9.477,9.593,9.705,9.81,9.898,9.951,9.974,10.026,10.063,10.127,10.249,10.372,10.496,10.622,10.749,10.878,11.009
"Bahamas, The",BHS,0.211,0.215,0.22,0.225,0.23,0.234,0.238,0.242,0.247,0.251,0.255,0.259,0.264,0.269,0.273,0.279,0.284,0.288,0.293,0.298,0.304,0.308,0.313,0.318,0.323,0.328,0.332,0.337,0.342,0.347,0.351,0.355,0.359,0.362,0.366,0.37,0.373,0.377,0.381,0.385,0.389,0.394,0.399,0.404,0.408,0.413,0.417,0.421,0.425,0.429,0.434
Bahrain,BHR,0.353,0.367,0.38,0.393,0.406,0.42,0.435,0.45,0.467,0.484,0.488,0.508,0.516,0.53,0.544,0.559,0.574,0.589,0.605,0.621,0.638,0.661,0.711,0.765,0.824,0.889,0.96,1.039,1.103,1.178,1.229,1.195,1.209,1.253,1.315,1.37,1.424,1.501,1.503,1.484,1.472,1.504,1.525,1.577,1.589,1.62,1.652,1.685,1.718,1.752,1.787
Bangladesh,BGD,79.639,81.768,83.932,86.142,88.417,90.764,93.188,95.671,98.186,100.695,103.172,105.599,107.984,110.351,112.738,115.17,117.65,120.161,122.683,125.19,127.658,130.089,132.478,134.792,136.986,139.036,140.921,142.66,144.304,145.925,147.575,149.274,151.008,152.765,154.52,156.256,157.971,159.671,161.356,163.046,164.689,166.657,168.52,170.279,172.019,173.736,175.423,177.07,178.681,180.245,181.767
Barbados,BRB,0.252,0.253,0.254,0.255,0.255,0.256,0.257,0.258,0.259,0.259,0.26,0.261,0.262,0.263,0.264,0.265,0.266,0.267,0.268,0.269,0.27,0.271,0.271,0.272,0.273,0.274,0.275,0.276,0.277,0.278,0.28,0.281,0.282,0.283,0.283,0.284,0.285,0.286,0.286,0.287,0.288,0.289,0.289,0.29,0.291,0.292,0.292,0.293,0.294,0.295,0.295
Belarus,BLR,,,,,,,,,,,10.19,10.195,10.217,10.24,10.228,10.177,10.142,10.093,10.045,10.019,9.99,9.929,9.866,9.797,9.73,9.664,9.605,9.561,9.528,9.505,9.484,9.462,9.447,9.443,9.449,9.461,9.469,9.459,9.439,9.42,9.38,9.303,9.228,9.178,9.133,9.087,9.042,8.996,8.951,8.907,8.862
Belgium,BEL,9.855,9.863,9.855,9.858,9.853,9.858,9.859,9.865,9.876,9.928,9.948,9.987,10.022,10.068,10.101,10.131,10.143,10.17,10.192,10.214,10.239,10.263,10.31,10.356,10.396,10.446,10.511,10.585,10.667,10.753,10.84,11.001,11.076,11.138,11.181,11.237,11.311,11.352,11.399,11.456,11.522,11.555,11.618,11.743,11.817,11.867,11.913,11.955,11.996,12.033,12.069
Belize,BLZ,0.15,0.15,0.153,0.157,0.162,0.166,0.171,0.176,0.179,0.184,0.189,0.194,0.199,0.205,0.211,0.217,0.222,0.23,0.239,0.243,0.25,0.256,0.263,0.269,0.276,0.284,0.291,0.299,0.307,0.315,0.322,0.328,0.334,0.342,0.349,0.357,0.364,0.371,0.379,0.386,0.393,0.399,0.397,0.404,0.411,0.417,0.424,0.431,0.437,0.444,0.451
Benin,BEN,3.858,3.991,4.114,4.248,4.382,4.527,4.672,4.817,4.973,5.12,5.281,5.447,5.618,5.873,6.097,6.227,6.392,6.583,6.789,7.003,7.222,7.446,7.675,7.913,8.159,8.426,8.693,8.954,9.228,9.509,9.797,10.094,10.398,10.709,11.03,11.361,11.698,12.04,12.383,12.727,13.07,13.413,13.76,14.111,14.5,14.923,15.357,15.809,16.283,16.784,17.302
Bhutan,BTN,0.422,0.433,0.445,0.455,0.466,0.479,0.495,0.512,0.528,0.542,0.548,0.547,0.54,0.53,0.523,0.52,0.524,0.532,0.546,0.561,0.576,0.594,0.611,0.627,0.642,0.657,0.668,0.677,0.686,0.694,0.702,0.709,0.717,0.725,0.733,0.74,0.747,0.753,0.759,0.765,0.77,0.775,0.78,0.785,0.79,0.795,0.801,0.806,0.811,0.816,0.822
Bolivia,BOL,5.161,5.587,5.703,5.822,5.944,6.068,6.195,6.324,6.456,6.591,6.728,6.869,7.012,7.213,7.419,7.567,7.717,7.871,8.026,8.183,8.43,8.59,8.75,8.91,9.07,9.23,9.39,9.55,9.71,9.87,10.03,10.19,10.35,10.51,10.67,10.83,10.99,11.15,11.31,11.47,11.63,11.8,11.96,12.13,12.29,12.45,,,,,
Bosnia and Herzegovina,BIH,,,,,,,,,,,,,,,,,3.763,3.736,3.732,3.743,3.751,3.755,3.759,3.76,3.763,3.766,3.768,3.762,3.754,3.736,3.704,3.66,3.605,3.531,3.526,3.518,3.511,3.504,3.496,3.491,3.487,3.481,3.473,3.464,3.455,3.445,3.436,3.426,3.416,3.405,3.394
Botswana,BWA,0.963,0.981,1.017,1.055,1.093,1.134,1.176,1.219,1.263,1.309,1.358,1.399,1.439,1.48,1.519,1.558,1.595,1.631,1.666,1.698,1.727,1.762,1.795,1.827,1.859,1.893,1.929,1.967,2.007,2.049,2.092,2.134,2.175,2.217,2.26,2.305,2.352,2.402,2.451,2.5,2.546,2.588,2.63,2.675,2.72,2.763,2.806,2.849,2.89,2.932,2.973
Brazil,BRA,118.563,121.213,123.885,126.573,129.273,131.978,134.653,137.268,139.819,142.307,146.593,149.094,151.547,153.986,156.431,158.875,163.538,166.104,168.693,171.256,174.696,177.004,179.228,181.378,183.47,185.518,187.535,189.459,191.335,193.174,194.749,196.159,197.671,199.227,200.811,202.404,203.872,205.212,206.529,207.9,209.165,210.104,210.863,211.695,212.584,213.362,214.083,214.757,215.382,215.964,216.499
Brunei Darussalam,BRN,,,,,,0.222,0.226,0.234,0.241,0.246,0.253,0.26,0.267,0.274,0.281,0.287,0.295,0.302,0.31,0.317,0.325,0.333,0.34,0.346,0.352,0.359,0.365,0.37,0.375,0.38,0.387,0.393,0.399,0.403,0.408,0.412,0.417,0.426,0.437,0.451,0.442,0.441,0.445,0.451,0.456,0.46,0.465,0.47,0.475,0.48,0.485
Bulgaria,BGR,8.808,8.834,8.859,8.881,8.897,8.903,8.901,8.889,8.865,8.826,8.771,8.697,8.607,8.507,8.407,8.312,8.225,8.162,8.105,8.067,8.15,7.891,7.846,7.801,7.761,7.719,7.679,7.64,7.607,7.564,7.505,7.327,7.285,7.246,7.202,7.154,7.102,7.05,7,6.951,6.917,6.839,6.448,6.445,6.437,6.263,6.211,6.159,6.108,6.058,6.007
Burkina Faso,BFA,7.063,7.231,7.41,7.599,7.796,8,8.229,8.457,8.687,8.921,9.159,9.395,9.629,9.872,10.124,10.387,10.656,10.934,11.241,11.575,11.926,12.295,12.681,13.083,13.501,13.932,14.374,14.816,15.258,15.71,16.176,16.662,17.172,17.695,18.229,18.777,19.335,19.894,20.438,20.962,21.479,21.995,22.509,23.026,23.554,24.095,24.648,25.214,25.793,26.385,26.991
Burundi,BDI,4.011,4.129,4.25,4.374,4.502,4.634,4.77,4.91,5.054,5.202,5.354,5.511,5.668,5.658,5.756,5.864,5.972,6.07,6.187,6.337,6.47,6.634,6.824,7.043,7.311,7.587,7.866,8.162,8.506,8.948,9.376,9.718,10.071,10.439,10.8,11.048,11.239,11.507,11.859,12.255,12.617,12.965,13.321,13.689,14.048,14.469,14.903,15.35,15.811,16.285,16.774
Cabo Verde,CPV,0.275,0.279,0.285,0.29,0.297,0.303,0.309,0.316,0.322,0.329,0.337,0.345,0.353,0.362,0.361,0.37,0.379,0.388,0.397,0.405,0.414,0.422,0.43,0.438,0.445,0.451,0.457,0.463,0.468,0.473,0.478,0.481,0.483,0.486,0.489,0.491,0.493,0.496,0.498,0.5,0.502,0.504,0.507,0.509,0.512,0.514,0.517,0.52,0.523,0.526,0.529
Cambodia,KHM,,,,,,,7.736,7.967,8.198,8.447,8.723,9.028,9.352,9.689,10.099,10.427,10.738,11.034,11.314,11.581,11.835,12.027,12.223,12.421,12.623,12.829,13.037,13.249,13.465,13.684,13.906,14.132,14.362,14.596,14.833,15.074,15.319,15.568,15.821,16.079,16.338,16.592,16.843,17.012,17.182,17.354,17.527,17.703,17.88,18.058,18.239
Cameroon,CMR,8.466,8.712,8.958,9.203,9.45,9.702,9.97,10.254,10.554,10.874,11.213,11.558,11.911,12.27,12.636,12.989,13.353,13.727,14.111,14.506,14.913,15.309,15.726,16.16,16.61,17.075,17.55,18.05,18.574,19.114,19.668,20.232,20.81,21.402,22.06,22.763,23.454,24.129,24.806,25.506,26.211,26.916,27.633,28.373,29.124,29.879,30.759,31.657,32.573,33.508,34.461
Canada,CAN,24.471,24.785,25.083,25.336,25.577,25.813,26.067,26.398,26.751,27.215,27.632,27.987,28.324,28.651,28.96,29.263,29.57,29.868,30.124,30.367,30.647,30.971,31.308,31.602,31.899,32.203,32.529,32.849,33.199,33.582,33.959,34.299,34.664,35.032,35.389,35.676,36.053,36.494,37.009,37.555,37.998,38.221,38.866,39.969,41.144,41.569,41.564,41.601,41.853,42.187,42.522
Central African Republic,CAF,2.205,2.271,2.329,2.386,2.443,2.51,2.597,2.651,2.687,2.741,2.827,2.917,3.01,3.108,3.208,3.308,3.388,3.484,3.579,3.678,3.781,3.886,3.953,4.059,4.147,4.239,4.339,4.416,4.509,4.609,4.449,4.537,4.593,4.628,4.656,4.59,4.669,4.759,4.828,4.929,4.961,5.093,5.131,5.065,5.331,5.513,5.699,5.888,6.082,6.28,6.478
Chad,TCD,4.514,4.613,4.718,4.832,4.958,5.095,5.247,5.413,5.59,5.774,5.963,6.157,6.357,6.564,6.781,7.01,7.251,7.503,7.77,8.054,8.356,8.678,9.019,9.374,9.735,10.097,10.457,10.818,11.184,11.56,11.952,12.361,12.785,13.22,13.664,14.111,14.562,15.017,15.478,15.947,16.426,16.915,17.414,17.921,18.437,18.961,19.491,20.03,20.576,21.129,21.69
Chile,CHL,11.174,11.36,11.545,11.731,11.917,12.102,12.317,12.533,12.748,12.963,13.179,13.422,13.737,13.957,14.172,14.381,14.585,14.783,14.975,15.162,15.343,15.52,15.692,15.857,16.022,16.183,16.348,16.518,16.698,16.881,17.064,17.254,17.443,17.612,17.788,17.971,18.167,18.419,18.751,19.107,19.458,19.678,19.829,19.961,20.086,20.207,20.323,20.434,20.54,20.64,20.735
"China, People's Republic of",CHN,987.05,1000.72,1016.54,1030.08,1043.57,1058.51,1075.07,1093,1110.26,1127.04,1143.33,1158.23,1171.71,1185.17,1198.5,1211.21,1223.89,1236.26,1247.61,1257.86,1267.43,1276.27,1284.53,1292.27,1299.88,1307.56,1314.48,1321.29,1328.02,1334.5,1340.91,1349.16,1359.22,1367.26,1376.46,1383.26,1392.32,1400.11,1405.41,1410.08,1412.12,1412.6,1411.75,1409.67,1408.28,1405.08,1401.923,1398.713,1395.198,1391.374,1387.277
Colombia,COL,27.639,28.255,28.875,29.498,30.124,29.921,30.541,31.181,31.834,32.494,33.156,33.845,34.522,35.181,35.817,36.426,37.019,37.505,38.088,38.573,39.152,39.656,40.156,40.661,41.166,41.672,42.17,42.659,43.134,43.609,44.086,44.553,45.002,45.435,45.866,46.314,46.83,47.419,48.258,49.396,50.408,51.117,51.683,52.216,52.696,53.111,53.475,53.808,54.12,54.417,54.706
Comoros,COM,0.337,0.345,0.354,0.362,0.366,0.376,0.386,0.397,0.408,0.42,0.431,0.442,0.453,0.463,0.473,0.484,0.494,0.505,0.516,0.526,0.537,0.548,0.559,0.57,0.581,0.593,0.605,0.617,0.629,0.642,0.656,0.67,0.685,0.699,0.715,0.73,0.746,0.762,0.776,0.791,0.806,0.822,0.851,0.87,0.89,0.91,0.93,0.95,0.97,0.991,1.012
"Congo, Dem. Rep. of the",COG,25.124,25.953,26.81,27.694,28.608,29.552,30.528,31.535,32.576,33.651,34.761,35.908,37.334,38.816,40.253,41.576,42.757,44.838,45.734,46.649,48.049,49.449,50.971,52.602,54.315,56.09,57.927,59.835,61.809,63.845,65.939,68.087,70.291,72.553,74.877,77.267,79.801,82.417,85.12,87.911,90.794,93.751,96.801,99.948,103.197,106.552,110.02,113.605,117.314,121.142,125.093
"Congo, Republic of ",COD,1.707,1.76,1.814,1.87,1.928,1.988,2.049,2.112,2.177,2.314,2.385,2.453,2.521,2.594,2.669,2.742,2.817,2.875,2.937,3.017,3.134,3.254,3.331,3.425,3.543,3.673,3.813,3.956,4.09,4.257,4.438,4.584,4.713,4.828,4.945,5.064,5.187,5.312,5.441,5.571,5.702,5.836,5.97,6.138,6.309,6.486,6.668,6.854,7.046,7.244,7.446
Costa Rica,CRI,2.302,2.372,2.443,2.514,2.588,2.666,2.746,2.824,2.901,2.977,3.051,3.122,3.191,3.275,3.373,3.47,3.565,3.657,3.747,3.838,3.81,3.953,4.022,4.086,4.152,4.215,4.279,4.34,4.404,4.469,4.554,4.613,4.673,4.733,4.793,4.851,4.909,4.966,5.022,5.075,5.128,5.18,5.229,5.278,5.325,5.373,5.42,5.469,5.517,5.566,5.616
Croatia,HRV,,,,,,,,,,,,,4.73,4.624,4.524,4.453,4.494,4.572,4.501,4.554,4.381,4.3,4.302,4.303,4.305,4.31,4.311,4.31,4.31,4.305,4.295,4.281,4.268,4.256,4.202,4.152,4.107,4.041,3.989,3.949,3.914,3.879,3.856,3.86,3.856,3.854,3.852,3.85,3.848,3.847,3.845
Cyprus,CYP,0.509,0.515,0.521,0.528,0.535,0.541,0.548,0.554,0.559,0.568,0.579,0.595,0.611,0.626,0.639,0.645,0.656,0.666,0.675,0.683,0.69,0.698,0.706,0.714,0.723,0.733,0.744,0.758,0.776,0.797,0.819,0.84,0.862,0.863,0.86,0.861,0.864,0.87,0.879,0.89,0.902,0.896,0.905,0.926,0.936,0.942,0.946,0.95,0.953,0.955,0.958
Czech Republic,CZE,,,,,,,,,,,,,,,,10.333,10.321,10.309,10.299,10.29,10.278,10.232,10.201,10.193,10.195,10.199,10.224,10.254,10.343,10.426,10.462,10.487,10.505,10.516,10.512,10.538,10.579,10.61,10.65,10.694,10.702,10.517,10.828,10.851,10.935,10.904,10.871,10.837,10.802,10.77,10.738
C√¥te d'Ivoire,CIV,7.864,8.043,8.355,8.779,9.025,9.374,9.742,10.12,10.214,10.63,11.064,11.508,11.961,13.142,13.536,13.929,14.324,14.836,15.367,15.806,16.258,16.723,17.201,17.693,18.199,18.719,19.254,19.805,20.371,20.954,21.553,22.169,22.803,23.455,24.126,24.816,25.525,26.255,27.006,27.778,28.572,29.389,30.229,31.094,31.983,32.897,33.838,34.806,35.801,36.825,37.877
Denmark,DNK,5.122,5.124,5.119,5.116,5.112,5.111,5.116,5.125,5.129,5.13,5.135,5.146,5.162,5.181,5.197,5.216,5.251,5.275,5.295,5.314,5.33,5.349,5.368,5.384,5.398,5.411,5.427,5.447,5.476,5.511,5.535,5.561,5.581,5.603,5.627,5.66,5.707,5.749,5.781,5.806,5.823,5.84,5.873,5.933,5.961,6.002,6.046,6.093,6.15,6.184,6.227
Djibouti,DJI,,,,,,,,,,,0.59,0.607,0.615,0.619,0.622,0.63,0.644,0.661,0.68,0.7,0.718,0.733,0.747,0.76,0.772,0.783,0.795,0.805,0.816,0.828,0.84,0.854,0.868,0.883,0.899,0.914,0.929,0.944,0.959,0.974,0.988,1.002,1.016,1.03,1.043,1.056,1.069,1.081,1.093,1.106,1.117
Dominica,DMA,,0.074,0.074,0.073,0.073,0.073,0.072,0.072,0.072,0.072,0.071,0.071,0.071,0.071,0.071,0.071,0.071,0.071,0.071,0.071,0.071,0.071,0.071,0.071,0.071,0.071,0.071,0.071,0.071,0.071,0.071,0.07,0.069,0.07,0.07,0.071,0.071,0.069,0.07,0.072,0.073,0.074,0.074,0.074,0.075,0.075,0.076,0.076,0.076,0.077,0.077
Dominican Republic,DOM,5.652,5.781,5.916,6.056,6.202,6.353,6.509,6.669,6.828,6.979,7.118,7.242,7.375,7.511,7.642,7.771,7.897,8.023,8.152,8.276,8.398,8.513,8.628,8.745,8.858,8.968,9.071,9.174,9.28,9.38,9.479,9.58,9.681,9.785,9.883,9.98,10.075,10.169,10.266,10.358,10.448,10.536,10.622,10.709,10.797,10.885,10.975,11.065,11.155,11.247,11.339
Ecuador,ECU,7.998,8.227,8.461,8.697,8.935,9.173,9.413,9.652,9.903,10.148,10.388,10.628,10.868,11.105,11.334,11.551,11.751,11.938,12.119,12.297,12.481,12.681,12.901,13.132,13.367,13.604,13.852,14.107,14.359,14.616,14.884,15.161,15.441,15.718,15.994,16.269,16.532,16.793,17.078,17.357,17.526,17.614,17.715,17.835,17.967,18.104,18.244,18.386,18.529,18.672,18.815
Egypt,EGY,40.554,41.706,42.846,44.015,45.237,46.545,47.751,48.8,49.8,50.9,51.36,52.423,53.508,55.2,56.3,57.6,58.8,60.1,61.3,62.6,64,65.3,66.6,68,69.3,70.7,72.2,73.6,75.2,76.9,78.7,80.5,82.5,84.6,86.8,89,91,95.2,97.1,98.9,100.6,102.1,103.6,105.2,107.304,109.45,111.639,113.872,116.149,118.472,122.026
El Salvador,SLV,4.877,4.933,4.971,5.001,5.032,5.072,5.124,5.186,5.259,5.342,5.435,5.509,5.586,5.66,5.714,5.762,5.805,5.845,5.881,5.914,5.943,5.968,5.987,5.999,6.005,6.006,6.002,6.01,6.029,6.048,6.068,6.09,6.114,6.139,6.163,6.184,6.201,6.214,6.22,6.222,6.235,6.256,6.28,6.31,6.338,6.37,6.402,6.434,6.466,6.498,6.531
Equatorial Guinea,GNQ,0.255,0.27,0.291,0.314,0.338,0.359,0.376,0.39,0.402,0.414,0.427,0.441,0.455,0.471,0.487,0.505,0.524,0.545,0.567,0.59,0.614,0.64,0.666,0.695,0.725,0.757,0.792,0.829,0.868,0.909,0.951,0.994,1.039,1.084,1.129,1.175,1.221,1.268,1.314,1.36,1.406,1.452,1.498,1.544,1.59,1.637,1.683,1.73,1.777,1.824,1.871
Eritrea,ERI,,,,,,,,,,,,,2.258,2.239,2.218,2.204,2.196,2.195,2.206,2.237,2.292,2.375,2.481,2.601,2.72,2.827,2.918,2.997,3.063,3.12,3.17,3.214,3.25,3.281,3.311,3.343,3.377,3.413,3.453,3.497,,,,,,,,,,,
Estonia,EST,,,,,,,,,,,,,,1.499,1.465,1.437,1.416,1.4,1.386,1.39,1.397,1.388,1.379,1.371,1.363,1.355,1.347,1.341,1.337,1.335,1.331,1.327,1.323,1.318,1.315,1.315,1.316,1.317,1.322,1.327,1.33,1.331,1.349,1.37,1.372,1.374,1.372,1.37,1.368,1.366,1.364
Eswatini,SWZ,0.567,0.587,0.608,0.629,0.652,0.675,0.698,0.722,0.747,0.771,0.794,0.816,0.837,0.857,0.876,0.894,0.912,0.93,0.946,0.959,0.97,0.978,0.983,0.987,0.99,0.995,1,1.006,1.013,1.02,1.028,1.035,1.042,1.049,1.057,1.065,1.075,1.085,1.097,1.108,1.12,1.131,1.143,1.155,1.167,1.179,1.192,1.204,1.217,1.23,1.243
Ethiopia,ETH,32.444,33.227,34.175,35.256,36.415,37.612,38.839,40.105,41.42,42.799,44.249,45.774,47.359,48.981,50.606,52.212,53.789,55.345,56.891,58.448,60.03,61.591,63.192,64.835,66.521,68.25,70.025,72.421,74.879,76.826,78.824,80.7,82.7,84.8,87,89.1,91.2,93.4,95.5,97.6,99.7,101.9,104.082,105.707,108.414,110.148,111.91,113.701,115.52,117.369,119.246
Fiji,FJI,0.634,0.649,0.666,0.683,0.698,0.709,0.715,0.718,0.719,0.733,0.739,0.745,0.751,0.757,0.763,0.768,0.775,0.782,0.791,0.797,0.802,0.805,0.81,0.816,0.821,0.827,0.83,0.837,0.838,0.843,0.848,0.852,0.857,0.86,0.864,0.868,0.871,0.885,0.89,0.896,0.901,0.906,0.912,0.917,0.923,0.928,0.934,0.939,0.945,0.951,0.956
Finland,FIN,4.771,4.788,4.812,4.842,4.87,4.894,4.911,4.926,4.939,4.954,4.974,4.998,5.029,5.055,5.078,5.099,5.117,5.132,5.147,5.16,5.171,5.181,5.195,5.206,5.22,5.237,5.256,5.277,5.3,5.326,5.351,5.375,5.401,5.427,5.451,5.472,5.487,5.503,5.513,5.518,5.525,5.534,5.548,5.564,5.604,5.612,5.616,5.616,5.612,5.608,5.603
France,FRA,55.092,55.397,55.711,56.034,56.285,56.554,56.815,57.092,57.383,57.695,58.01,58.28,58.571,58.852,59.07,59.281,59.487,59.691,59.899,60.123,60.508,60.941,61.385,61.824,62.251,62.731,63.186,63.601,63.962,64.305,64.613,64.933,65.241,65.565,66.131,66.422,66.603,66.774,66.992,67.258,67.442,67.697,68.06,68.246,68.437,68.628,68.821,69.014,69.207,69.401,69.596
Gabon,GAB,0.748,0.765,0.781,0.799,0.816,0.834,0.852,0.871,0.89,0.91,0.93,0.96,0.99,1.014,1.039,1.065,1.092,1.119,1.147,1.176,1.205,1.235,1.266,1.298,1.33,1.364,1.398,1.44,1.494,1.551,1.61,1.671,1.735,1.803,1.868,1.93,1.98,2.025,2.053,2.08,2.108,2.135,2.161,2.209,2.258,2.306,2.356,2.406,2.459,2.512,2.566
Gambia,GMB,0.601,0.638,0.662,0.688,0.716,0.746,0.776,0.808,0.841,0.875,0.911,0.948,0.987,1.045,1.081,1.115,1.148,1.201,1.238,1.277,1.318,1.36,1.404,1.45,1.497,1.544,1.591,1.64,1.689,1.74,1.793,1.848,1.905,1.964,2.024,2.086,2.149,2.214,2.28,2.349,2.419,2.492,2.567,2.644,2.724,2.805,2.89,2.977,3.066,3.158,3.253
Georgia,GEO,,,,,,,,,,,,5.453,5.467,5.346,4.93,4.742,4.573,4.41,4.29,4.198,4.117,4.038,3.991,3.966,3.938,3.917,3.888,3.873,3.848,3.829,3.8,3.774,3.739,3.718,3.717,3.722,3.729,3.726,3.73,3.724,3.717,3.729,3.689,3.736,3.695,3.694,3.691,3.688,3.684,3.681,3.678
Germany,DEU,76.843,76.988,76.933,76.664,76.355,76.166,76.219,76.233,76.697,77.463,78.949,79.973,80.5,80.947,81.148,81.308,81.467,81.51,81.446,81.423,81.457,81.518,81.579,81.549,81.457,81.338,81.174,80.993,80.765,80.484,80.285,80.276,80.386,80.518,80.759,81.347,81.867,82.038,82.157,82.203,82.126,81.995,82.529,83.287,83.517,83.664,83.777,83.845,83.874,83.891,83.893
Ghana,GHA,11.941,12.282,12.644,13.03,13.371,13.661,13.965,14.289,14.637,15.007,15.395,15.787,16.185,16.59,16.993,17.399,17.81,18.239,18.688,19.15,19.637,20.167,20.729,21.297,21.868,22.449,23.041,23.642,24.25,24.863,25.475,26.095,26.734,27.386,28.042,28.696,29.357,30.008,30.638,31.259,31.888,32.519,33.149,33.788,34.427,35.064,35.698,36.328,36.959,37.59,38.222
Greece,GRC,9.584,9.701,9.758,9.821,9.872,9.92,9.949,9.985,10.016,10.058,10.121,10.273,10.367,10.431,10.49,10.536,10.588,10.629,10.693,10.748,10.776,10.836,10.888,10.916,10.94,10.97,11.005,11.036,11.061,11.095,11.119,11.123,11.086,11.004,10.927,10.858,10.784,10.768,10.741,10.725,10.719,10.679,10.46,10.414,10.401,10.38,10.364,10.349,10.333,10.318,10.302
Grenada,GRD,0.089,0.091,0.093,0.096,0.098,0.1,0.1,0.099,0.098,0.097,0.096,0.096,0.097,0.098,0.099,0.1,0.101,0.102,0.102,0.102,0.103,0.103,0.104,0.105,0.105,0.104,0.105,0.105,0.105,0.105,0.105,0.107,0.108,0.109,0.109,0.11,0.111,0.111,0.112,0.113,0.113,0.114,0.114,0.115,0.116,0.116,0.117,0.118,0.118,0.119,0.119
Guatemala,GTM,7.025,7.204,7.387,7.575,7.77,7.969,8.173,8.382,8.594,8.809,9.025,9.273,9.522,9.78,10.044,10.313,10.584,10.858,11.139,11.423,11.698,11.969,12.247,12.526,12.807,13.088,13.367,13.652,13.935,14.216,14.5,14.792,15.09,15.387,15.682,15.972,16.269,16.567,16.846,17.104,17.357,17.599,17.848,18.125,18.406,18.655,18.897,19.143,19.378,19.617,19.858
Guinea,GIN,,,,,,,,,,,6.02,6.352,6.734,7.136,7.514,7.837,8.095,8.296,8.457,8.601,8.746,8.895,9.046,9.205,9.38,9.576,9.799,10.047,10.315,10.593,10.876,11.162,11.451,11.745,12.044,12.345,12.654,12.97,13.294,13.627,13.967,14.317,14.674,15.041,15.417,15.803,16.198,16.603,17.018,17.443,17.879
Guinea-Bissau,GNB,0.782,0.798,0.815,0.832,0.85,0.867,0.886,0.903,0.921,0.94,0.959,0.98,1.003,1.025,1.048,1.072,1.095,1.119,1.144,1.169,1.194,1.219,1.246,1.272,1.299,1.328,1.356,1.386,1.417,1.449,1.46,1.492,1.525,1.559,1.593,1.628,1.664,1.7,1.738,1.776,1.815,1.855,1.896,1.937,1.978,2.019,2.06,2.103,2.145,2.187,2.23
Guyana,GUY,0.764,0.765,0.765,0.763,0.759,0.754,0.748,0.742,0.735,0.726,0.72,0.718,0.718,0.72,0.723,0.727,0.73,0.734,0.737,0.74,0.742,0.743,0.743,0.743,0.742,0.742,0.744,0.746,0.748,0.751,0.753,0.756,0.758,0.761,0.764,0.767,0.773,0.778,0.782,0.785,0.787,0.789,0.792,0.794,0.796,0.799,0.801,0.804,0.806,0.808,0.811
Haiti,HTI,5.947,6.054,6.163,6.274,6.387,6.502,6.619,6.739,6.819,6.958,7.101,7.233,7.374,7.526,7.689,7.836,7.984,8.132,8.281,8.43,8.576,8.72,8.861,9.001,9.145,9.292,9.445,9.602,9.762,9.923,10.085,10.248,10.413,10.579,10.746,10.912,11.078,11.245,11.412,11.578,11.743,11.906,12.065,12.227,12.391,12.557,12.725,12.896,13.069,13.244,13.421
Honduras,HND,3.673,3.79,3.908,4.029,4.154,4.283,4.411,4.544,4.68,4.816,4.955,5.099,5.245,5.394,5.549,5.709,5.875,6.046,6.22,6.397,6.575,6.752,6.929,7.106,7.283,7.459,7.634,7.809,7.981,8.151,8.317,8.481,8.641,8.799,8.956,9.113,9.273,9.436,9.602,9.77,9.942,10.117,10.294,10.475,10.659,10.846,11.037,11.231,11.428,11.629,11.833
Hong Kong SAR,HKG,5.06,5.18,5.26,5.35,5.431,5.5,5.566,5.615,5.672,5.727,5.752,5.815,5.888,5.998,6.119,6.27,6.467,6.517,6.583,6.638,6.712,6.73,6.726,6.764,6.798,6.838,6.904,6.938,6.964,6.996,7.052,7.11,7.171,7.211,7.253,7.31,7.378,7.415,7.488,7.521,7.427,7.402,7.473,7.528,7.501,7.533,7.57,7.612,7.658,7.704,7.75
Hungary,HUN,10.71,10.706,10.695,10.672,10.641,10.599,10.56,10.509,10.464,10.422,10.375,10.373,10.374,10.365,10.35,10.337,10.321,10.301,10.28,10.253,10.222,10.2,10.175,10.142,10.117,10.098,10.077,10.066,10.045,10.031,10.014,9.986,9.932,9.895,9.85,9.816,9.78,9.74,9.714,9.7,9.689,9.651,9.61,9.6,9.585,9.56,9.536,9.513,9.489,9.466,9.443
Iceland,ISL,0.227,0.229,0.232,0.236,0.238,0.241,0.242,0.244,0.248,0.252,0.254,0.256,0.26,0.262,0.265,0.267,0.268,0.27,0.272,0.276,0.279,0.283,0.287,0.288,0.291,0.294,0.3,0.308,0.315,0.319,0.318,0.312,0.313,0.316,0.32,0.323,0.326,0.333,0.342,0.349,0.354,0.358,0.365,0.375,0.384,0.391,0.4,0.408,0.417,0.425,0.433
India,IND,687.354,703.696,720.313,737.373,754.875,772.648,790.69,808.931,827.343,846.04,864.972,883.928,902.957,922.118,941.164,960.301,979.678,999.134,1018.665,1038.226,1057.923,1077.899,1097.6,1116.803,1135.992,1154.676,1172.879,1190.676,1207.931,1225.525,1243.482,1261.225,1278.675,1295.83,1312.277,1328.024,1343.944,1359.657,1374.659,1389.03,1402.618,1414.204,1425.423,1438.07,1450.936,1463.866,1476.626,1489.165,1501.433,1513.424,1525.139
Indonesia,IDN,147.49,150.406,153.379,156.41,159.502,162.655,165.87,169.149,172.492,175.902,179.379,182.354,185.378,188.452,191.578,194.755,197.004,199.28,201.581,203.909,206.265,209.206,212.19,215.216,218.285,221.398,224.555,227.758,231.006,234.3,237.641,241.991,245.425,248.818,252.165,255.182,258.497,261.356,264.162,266.912,270.204,272.679,275.72,278.696,281.604,284.439,287.198,289.88,292.481,294.998,297.431
Iran,IRN,39.291,40.826,42.42,44.077,45.798,47.587,49.445,50.662,51.909,53.187,54.496,55.837,56.656,57.488,58.331,59.187,60.055,60.994,61.842,62.512,63.515,64.584,65.657,67.315,68.345,69.39,70.496,71.532,72.266,73.196,74.157,75.15,76.038,77.016,77.97,78.94,79.926,81.07,82.084,83.075,84.038,84.055,84.904,85.761,86.626,87.5,88.382,89.275,90.176,91.087,92.007
Iraq,IRQ,,,,,,,,,,,,,,,,,,,,,,,,25.96,26.674,27.377,28.064,28.741,29.43,30.163,30.962,31.76,32.578,33.417,35,35.213,36.169,37.14,38.124,39.128,40.15,41.191,42.249,43.324,44.415,45.521,46.64,47.772,48.914,50.062,51.212
Ireland,IRL,3.426,3.468,3.505,3.53,3.555,3.566,3.566,3.572,3.556,3.535,3.531,3.551,3.58,3.6,3.612,3.628,3.653,3.691,3.73,3.773,3.828,3.888,3.956,4.021,4.1,4.2,4.321,4.445,4.516,4.547,4.568,4.585,4.605,4.631,4.667,4.714,4.781,4.848,4.92,4.995,5.053,5.122,5.24,5.329,5.42,5.489,5.546,5.597,5.647,5.696,5.743
Israel,ISR,3.92,3.948,4.018,4.104,4.157,4.231,4.296,4.366,4.439,4.516,4.658,4.946,5.124,5.259,5.395,5.542,5.682,5.824,5.967,6.117,6.286,6.436,6.567,6.687,6.806,6.927,7.052,7.176,7.307,7.482,7.621,7.763,7.907,8.056,8.212,8.377,8.543,8.71,8.879,9.051,9.214,9.367,9.551,9.845,9.988,10.178,10.368,10.56,10.753,10.947,11.144
Italy,ITA,56.388,56.479,56.524,56.563,56.565,56.588,56.598,56.594,56.609,56.649,56.694,56.744,56.773,56.821,56.842,56.844,56.844,56.876,56.904,56.909,56.924,56.961,56.993,57.186,57.612,58.044,58.289,58.511,59.002,59.421,59.69,59.948,60.105,60.277,60.346,60.295,60.164,60.067,59.938,59.817,59.641,59.236,59.03,58.997,58.971,58.934,58.879,58.806,58.716,58.611,58.493
Jamaica,JAM,2.112,2.15,2.186,2.23,2.235,2.269,2.29,2.306,2.32,2.324,2.365,2.381,2.399,2.419,2.44,2.462,2.485,2.509,2.534,2.559,2.582,2.605,2.62,2.629,2.639,2.648,2.658,2.667,2.677,2.686,2.696,2.703,2.71,2.713,2.716,2.719,2.722,2.726,2.731,2.734,2.737,2.74,2.743,2.747,2.75,2.753,2.756,2.759,2.762,2.765,2.769
Japan,JPN,116.769,117.623,118.451,119.271,120.05,120.8,121.446,122.031,122.548,123.028,123.438,123.928,124.367,124.77,125.116,125.436,125.711,126.011,126.349,126.587,126.831,127.132,127.4,127.634,127.734,127.752,127.746,127.757,127.692,127.551,127.594,127.831,127.552,127.333,127.12,126.978,126.96,126.746,126.495,126.221,125.849,125.492,125.063,124.482,123.89,123.291,122.656,121.999,121.319,120.619,119.898
Jordan,JOR,2.217,2.307,2.406,2.515,2.63,2.751,2.88,3.015,3.157,3.311,3.481,3.666,3.867,4.076,4.278,4.458,4.609,4.734,4.844,4.951,5.056,5.163,5.276,5.396,5.532,5.679,6.076,6.473,6.633,6.78,6.931,7.11,7.212,7.695,8.658,9.494,9.965,10.215,10.46,10.699,10.929,11.148,11.286,11.337,11.385,11.442,11.515,11.605,11.704,11.813,11.933
Kazakhstan,KAZ,,,,,,,,,,,,,17.048,16.9,15.8,15.676,15.481,15.188,14.955,14.902,14.884,14.858,14.859,14.909,15.013,15.147,15.308,15.484,15.674,16.093,16.322,16.557,16.792,17.035,17.288,17.542,17.793,18.036,18.275,18.513,18.755,19.001,19.635,19.9,20.159,20.38,20.594,20.811,21.019,21.229,21.441
Kenya,KEN,15.721,16.308,16.9,17.5,18.1,18.7,19.3,20,20.7,21.4,22,22.7,23.4,24.1,24.8,25.5,26.3,27,27.8,28.7,29.5,30.3,31.1,32,32.9,33.8,34.7,35.7,36.7,37.7,38.6,39.5,40.4,41.4,42.4,43.3,44.3,45.4,46.4,47.6,48.797,49.747,50.64,51.539,52.444,53.354,54.269,55.189,56.114,57.043,57.976
Kiribati,KIR,0.058,0.06,0.062,0.061,0.062,0.064,0.065,0.067,0.069,0.071,0.072,0.073,0.074,0.075,0.077,0.078,0.079,0.08,0.082,0.083,0.084,0.086,0.088,0.089,0.091,0.093,0.095,0.097,0.099,0.101,0.103,0.104,0.106,0.107,0.109,0.11,0.112,0.114,0.116,0.118,0.119,0.121,0.123,0.125,0.127,0.129,0.131,0.133,0.135,0.138,0.14
"Korea, Republic of",KOR,38.124,38.723,39.326,39.91,40.406,40.806,41.214,41.622,42.031,42.449,42.869,43.296,43.748,44.195,44.642,45.093,45.525,45.954,46.287,46.617,47.008,47.37,47.645,47.892,48.083,48.185,48.438,48.684,49.055,49.308,49.554,49.937,50.2,50.429,50.747,51.015,51.218,51.362,51.585,51.765,51.836,51.77,51.673,51.713,51.751,51.681,51.611,51.531,51.461,51.381,51.311
Kosovo,XKX,,,,,,,,,,,,,,,,,,,,,1.472,1.472,1.511,1.537,1.631,1.651,1.674,1.699,1.72,1.748,1.775,1.802,1.786,1.769,1.753,1.736,1.719,1.703,1.686,1.67,1.653,1.637,1.62,1.604,1.587,1.577,1.571,1.568,1.566,1.566,1.566
Kuwait,KWT,,,,,,,,,,,,,,1.514,1.683,1.802,1.894,1.98,2.027,2.107,2.138,2.183,2.262,2.325,2.391,2.245,2.328,2.411,2.778,2.778,2.933,3.247,3.428,3.588,3.744,3.925,4.083,4.227,4.42,4.465,4.336,4.386,4.794,4.913,5.012,5.112,5.214,5.318,5.425,5.533,5.644
Kyrgyz Republic,KGZ,,,,,,,,,,,,,4.411,4.485,4.505,4.525,4.596,4.661,4.732,4.806,4.875,4.922,4.968,5.013,5.073,5.136,5.189,5.248,5.289,5.348,5.418,5.478,5.552,5.663,5.777,5.895,6.019,6.14,6.257,6.389,6.517,6.654,6.795,6.931,7.077,7.227,7.372,7.527,7.686,7.84,8.006
Lao P.D.R.,LAO,3.272,3.335,3.412,3.5,3.595,3.694,3.798,3.906,4.018,4.133,4.289,4.416,4.545,4.675,4.801,4.923,5.039,5.151,5.247,5.34,5.431,5.52,5.606,5.689,5.768,5.853,5.947,6.041,6.136,6.23,6.323,6.416,6.509,6.601,6.691,6.787,6.891,6.998,7.105,7.212,7.319,7.425,7.477,7.582,7.686,7.788,7.889,7.988,8.086,8.182,8.276
Latvia,LVA,,,,,,,,,,,,,2.677,2.669,2.627,2.501,2.47,2.445,2.421,2.399,2.382,2.353,2.321,2.299,2.277,2.25,2.228,2.209,2.192,2.163,2.121,2.075,2.045,2.024,2.001,1.986,1.969,1.95,1.934,1.92,1.908,1.893,1.876,1.883,1.872,1.868,1.864,1.861,1.857,1.853,1.85
Lebanon,LBN,2.964,3.027,3.07,3.107,3.164,3.227,3.308,3.391,3.457,3.526,3.594,3.667,3.745,3.819,3.888,3.96,4.034,4.108,4.179,4.25,4.321,4.389,4.447,4.505,4.575,4.643,4.72,4.81,4.888,4.951,4.996,5.045,5.178,5.679,6.274,6.399,6.259,6.109,5.951,5.782,5.663,5.593,5.49,5.354,5.354,,,,,,
Lesotho,LSO,1.414,1.451,1.488,1.53,1.573,1.617,1.66,1.699,1.734,1.767,1.799,1.83,1.859,1.885,1.911,1.934,1.955,1.973,1.986,1.994,1.999,1.999,1.998,1.993,1.985,1.977,1.977,1.983,1.995,2.009,2.023,2.038,2.055,2.074,2.095,2.119,2.144,2.171,2.198,2.226,2.254,2.281,2.306,2.33,2.359,2.387,2.416,2.445,2.475,2.505,2.535
Liberia,LBR,1.853,1.919,1.989,2.057,2.112,2.146,2.158,2.153,2.134,2.106,2.076,2.04,2.002,1.977,1.986,2.045,2.16,2.326,2.517,2.7,2.848,2.954,3.025,3.077,3.136,3.218,3.329,3.462,3.608,3.754,3.891,4.017,4.136,4.248,4.36,4.472,4.587,4.702,4.819,4.937,5.149,5.259,5.373,5.493,5.613,5.731,5.854,5.987,6.119,6.245,6.366
Libya,LBY,2.988,3.126,3.273,3.411,3.558,3.539,3.676,3.834,4.325,4.522,4.26,4.36,4.46,4.56,4.65,4.75,4.84,4.92,5.01,5.09,5.18,5.26,5.34,5.42,5.51,5.59,5.69,5.78,5.88,5.96,6.041,5.923,6.283,6.266,6.259,6.322,6.385,6.448,6.513,6.578,6.644,6.71,6.777,6.845,6.913,6.982,7.052,7.122,7.194,7.265,7.338
Liechtenstein,LIE,,,,,,,,,,,,,,,,,,,,,0.033,0.034,0.034,0.034,0.035,0.035,0.035,0.035,0.036,0.036,0.036,0.036,0.037,0.037,0.037,0.038,0.038,0.038,0.038,0.039,0.039,0.039,0.04,0.04,0.04,0.041,0.041,0.041,0.042,0.042,0.042
Lithuania,LTU,,,,,,,,,,,,,,,,3.629,3.602,3.575,3.549,3.524,3.5,3.471,3.443,3.415,3.377,3.323,3.27,3.231,3.198,3.163,3.097,3.028,2.989,2.961,2.937,2.911,2.877,2.843,2.819,2.811,2.81,2.808,2.832,2.872,2.888,2.889,2.889,2.866,2.843,2.82,2.798
Luxembourg,LUX,0.364,0.365,0.366,0.366,0.366,0.367,0.368,0.371,0.374,0.378,0.382,0.387,0.392,0.398,0.404,0.406,0.412,0.417,0.422,0.427,0.434,0.439,0.444,0.448,0.455,0.461,0.469,0.476,0.484,0.494,0.502,0.512,0.525,0.537,0.55,0.563,0.576,0.591,0.602,0.614,0.626,0.635,0.645,0.661,0.672,0.685,0.699,0.713,0.727,0.742,0.757
Macao SAR,MAC,,,,,,,,,,,,,,,,,,,,,,0.436,0.441,0.447,0.463,0.484,0.513,0.538,0.549,0.542,0.552,0.557,0.582,0.608,0.636,0.647,0.645,0.653,0.667,0.68,0.683,0.683,0.673,0.684,0.688,0.699,0.709,0.717,0.723,0.728,0.733
Madagascar,MDG,8.679,8.911,9.15,9.395,9.647,9.906,10.171,10.444,10.724,11.011,11.306,11.609,11.92,12.239,12.607,12.987,13.378,13.78,14.195,14.622,15.063,15.516,15.983,16.464,16.96,17.47,17.996,18.538,19.096,19.67,20.262,20.872,21.501,22.148,22.814,23.501,24.209,24.937,25.674,26.525,27.34,28.178,28.961,29.766,30.594,31.444,32.319,33.217,34.141,35.09,36.065
Malawi,MWI,6.564,6.748,6.923,7.116,7.368,7.7,8.133,8.647,9.185,9.667,10.039,10.275,10.4,10.461,10.533,10.666,10.876,11.148,11.458,11.774,12.07,12.343,12.813,13.098,13.385,13.654,14.043,14.439,14.846,15.274,15.714,16.166,16.632,17.111,17.604,18.111,18.632,19.169,19.721,20.289,20.873,21.474,22.093,22.729,23.384,24.057,24.75,25.463,26.196,26.95,27.727
Malaysia,MYS,13.885,14.229,14.592,14.955,15.328,15.823,16.257,16.681,17.094,17.508,18.267,18.547,19.068,19.602,20.142,20.682,21.223,21.769,22.334,22.91,23.495,24.123,24.727,25.32,25.905,26.477,26.832,27.1,27.6,28.082,28.589,29.062,29.51,30.214,30.709,31.186,31.634,32.023,32.382,32.523,32.447,32.576,32.652,33.059,33.46,33.852,34.234,34.606,34.968,35.319,35.659
Maldives,MDV,0.152,0.158,0.163,0.169,0.175,0.182,0.189,0.193,0.198,0.204,0.212,0.222,0.228,0.234,0.24,0.245,0.25,0.255,0.261,0.266,0.27,0.276,0.281,0.285,0.289,0.294,0.299,0.305,0.31,0.315,0.32,0.325,0.331,0.336,0.342,0.348,0.354,0.36,0.366,0.372,0.378,0.384,0.391,0.397,0.404,0.411,0.418,0.425,0.432,0.439,0.446
Mali,MLI,7.531,7.693,7.86,8.034,8.209,8.375,8.531,8.681,8.834,9,9.179,9.363,9.554,9.755,9.967,10.185,10.407,10.646,10.92,11.227,11.559,11.912,12.288,12.685,13.102,13.539,13.99,14.458,14.941,15.436,15.945,16.469,16.957,17.46,18.02,18.593,19.191,19.813,20.442,21.068,21.714,22.389,23.073,23.769,24.497,25.247,26.02,26.814,27.632,28.476,29.347
Malta,MLT,0.315,0.318,0.32,0.332,0.329,0.332,0.341,0.343,0.346,0.349,0.352,0.362,0.366,0.369,0.373,0.376,0.378,0.381,0.384,0.386,0.389,0.391,0.395,0.397,0.4,0.403,0.405,0.406,0.408,0.411,0.414,0.415,0.418,0.421,0.428,0.439,0.45,0.459,0.475,0.493,0.515,0.516,0.52,0.542,0.553,0.563,0.573,0.584,0.594,0.604,0.614
Marshall Islands,MHL,,,,,,,,,,,,,,,,,,0.049,0.05,0.051,0.051,0.051,0.05,0.05,0.05,0.051,0.051,0.052,0.052,0.052,0.053,0.053,0.053,0.052,0.051,0.05,0.049,0.047,0.045,0.044,0.044,0.042,0.041,0.04,0.038,0.036,0.035,0.034,0.034,0.033,0.033
Mauritania,MRT,,,,,,,,,,,1.996,2.05,2.108,2.167,2.228,2.292,2.358,2.425,2.495,2.568,2.643,2.72,2.8,2.882,2.965,3.047,2.953,3.036,3.119,3.202,3.285,3.369,3.454,3.537,3.621,3.706,3.794,3.881,3.97,4.058,4.147,4.24,4.334,4.43,4.529,4.629,4.732,4.837,4.944,5.054,5.166
Mauritius,MUS,0.966,0.98,0.993,1.002,1.012,1.021,1.028,1.036,1.043,1.051,1.059,1.07,1.084,1.097,1.113,1.122,1.134,1.148,1.16,1.175,1.187,1.196,1.205,1.213,1.221,1.228,1.234,1.24,1.244,1.247,1.25,1.252,1.256,1.259,1.261,1.263,1.264,1.265,1.266,1.265,1.266,1.264,1.261,1.26,1.258,1.256,1.254,1.251,1.249,1.245,1.241
Mexico,MEX,68.072,69.715,71.37,73.035,74.707,76.375,78.029,79.665,81.282,82.89,84.503,86.127,87.753,89.365,90.954,92.507,94.006,95.438,96.799,98.085,99.369,100.739,102.167,103.588,104.971,106.371,107.886,109.539,111.276,113.03,114.756,116.446,118.061,119.598,121.049,122.368,123.587,124.777,125.996,127.216,128.209,128.983,129.961,131.135,132.274,133.367,134.407,135.392,136.322,137.201,138.034
"Micronesia, Fed. States of",FSM,,,,,,,,,,,,,,,,0.106,0.106,0.106,0.107,0.107,0.107,0.107,0.106,0.106,0.106,0.106,0.105,0.104,0.104,0.103,0.103,0.104,0.104,0.104,0.103,0.103,0.102,0.101,0.1,0.098,0.097,0.096,0.095,0.095,0.095,0.095,0.095,0.095,0.095,0.095,0.095
Moldova,MDA,,,,,,,,,,,,,2.977,2.969,2.973,2.97,2.96,2.95,2.946,2.941,2.934,2.928,2.92,2.911,2.906,2.897,2.89,2.883,2.879,2.876,2.873,2.873,2.873,2.871,2.869,2.845,2.824,2.78,2.73,2.685,2.644,2.627,2.565,2.492,2.423,2.381,2.34,2.299,2.26,2.221,2.182
Mongolia,MNG,,,,,,,,,,,2.078,2.129,2.169,2.189,2.21,2.243,2.276,2.307,2.34,2.373,2.403,2.432,2.466,2.495,2.522,2.551,2.583,2.62,2.666,2.716,2.761,2.812,2.868,2.93,2.996,3.058,3.12,3.178,3.238,3.297,3.358,3.41,3.458,3.505,3.545,3.584,3.623,3.662,3.703,3.743,3.784
Montenegro,MNE,,,,,,,,,,,,,,,,,,,,,0.605,0.607,0.61,0.612,0.613,0.614,0.615,0.616,0.617,0.618,0.619,0.62,0.621,0.623,0.624,0.625,0.625,0.626,0.626,0.627,0.627,0.625,0.624,0.624,0.624,0.624,0.624,0.625,0.625,0.625,0.626
Morocco,MAR,19.432,19.938,20.459,20.944,21.441,21.951,22.469,23.002,23.528,24.075,24.167,24.634,25.095,25.549,25.996,26.384,26.864,27.282,27.689,28.084,28.466,28.833,29.185,29.52,29.892,30.215,30.606,30.998,31.391,31.786,32.182,32.579,32.978,33.378,33.848,34.125,34.487,34.852,35.22,35.587,35.952,36.313,36.67,37.022,37.37,37.712,38.05,38.381,38.706,39.023,39.33
Mozambique,MOZ,11.63,11.913,12.19,12.44,12.636,12.764,12.809,12.786,12.758,12.806,12.987,13.328,13.806,14.371,14.948,15.483,15.96,16.397,16.814,17.244,17.712,18.222,18.764,19.331,19.911,20.494,21.08,21.673,22.277,22.895,23.532,24.188,24.863,25.561,26.286,27.042,27.83,28.649,29.424,30.286,31.178,32.077,32.97,33.897,34.858,35.835,36.826,37.831,38.85,39.88,40.921
Myanmar,MMR,,,,,,,,,,,,,,,,,,,44.923,45.567,46.179,46.727,47.197,47.589,47.92,48.218,48.51,48.813,49.127,49.454,49.799,50.166,50.559,50.979,51.419,51.846,52.254,52.645,53.019,53.378,53.722,54.05,54.36,54.652,54.926,55.182,55.42,55.639,55.84,56.022,56.185
Namibia,NAM,,,,,,,,,,1.284,1.345,1.403,1.455,1.504,1.549,1.58,1.625,1.668,1.711,1.755,1.798,1.839,1.875,1.905,1.93,1.954,1.979,2.005,2.032,2.062,2.093,2.127,2.166,2.223,2.282,2.342,2.406,2.472,2.541,2.613,2.688,2.77,2.851,2.928,2.99,3.049,3.107,3.165,3.221,3.278,3.336
Nauru,NRU,,,,,,,,,,,,,,,,,,,,,,,,,0.01,0.01,0.01,0.01,0.01,0.01,0.01,0.01,0.01,0.011,0.011,0.011,0.011,0.011,0.011,0.012,0.012,0.012,0.012,0.012,0.012,0.012,0.012,0.012,0.012,0.013,0.013
Nepal,NPL,15.574,15.936,16.311,16.694,17.084,17.478,17.868,18.251,18.639,19.058,19.525,20.037,20.61,21.18,21.717,22.245,22.742,23.219,23.68,24.125,24.547,24.947,25.329,25.689,26.017,26.309,26.565,26.788,26.99,27.173,27.342,27.464,27.535,27.59,27.672,27.824,27.955,28.011,28.08,28.414,28.967,29.475,29.715,29.695,29.651,29.645,29.623,29.605,29.586,29.568,29.549
Netherlands,NLD,14.091,14.209,14.286,14.34,14.395,14.454,14.529,14.615,14.715,14.805,14.893,15.01,15.129,15.239,15.342,15.424,15.494,15.567,15.654,15.76,15.864,15.987,16.105,16.193,16.258,16.306,16.334,16.358,16.405,16.486,16.575,16.656,16.73,16.78,16.829,16.901,16.979,17.082,17.181,17.282,17.408,17.475,17.591,17.811,17.943,18.048,18.144,18.229,18.309,18.383,18.457
New Zealand,NZL,3.108,3.125,3.149,3.179,3.211,3.242,3.272,3.301,3.331,3.366,3.406,3.496,3.533,3.574,3.622,3.676,3.734,3.783,3.816,3.837,3.86,3.887,3.951,4.028,4.089,4.136,4.185,4.226,4.262,4.305,4.353,4.386,4.411,4.447,4.52,4.613,4.717,4.815,4.901,4.977,5.068,5.084,5.09,5.199,5.29,5.324,5.377,5.43,5.484,5.538,5.593
Nicaragua,NIC,,,,,,,,,,,,,,,4.299,4.427,4.549,4.669,4.763,4.859,4.957,5.059,5.162,5.268,5.375,5.483,5.523,5.596,5.669,5.77,5.843,5.916,6.094,6.158,6.222,6.287,6.353,6.419,6.477,6.553,6.614,6.69,6.768,6.847,6.926,7.007,7.089,7.171,7.255,7.339,7.424
Niger,NER,5.794,5.991,6.199,6.415,6.634,6.854,7.076,7.303,7.534,7.772,8.019,8.282,8.564,8.861,9.171,9.49,9.827,10.178,10.546,10.93,11.332,11.751,12.19,12.648,13.126,13.624,14.144,14.685,15.251,15.843,16.464,17.115,17.795,18.504,19.24,20.002,20.789,21.602,22.443,23.311,24.207,25.131,26.084,27.066,28.08,29.126,30.204,31.315,32.458,33.636,34.846
Nigeria,NGA,73.424,75.441,77.428,79.415,81.449,83.563,85.766,88.048,90.395,92.788,93.609,96.348,99.167,102.068,105.054,108.128,111.291,114.547,117.898,121.347,124.897,128.551,132.312,136.183,140.167,144.268,148.489,152.833,157.304,161.906,166.643,171.38,176.201,181.049,185.897,190.672,195.444,200.255,204.939,209.486,213.996,218.529,223.151,227.883,232.679,237.577,242.578,247.683,252.897,258.22,263.655
North Macedonia,MKD,,,,,,,,,,,,,1.933,1.942,1.952,1.963,1.977,1.983,1.993,2.002,2.01,2.016,2.022,2.026,2.023,2.005,1.994,1.983,1.971,1.959,1.946,1.937,1.93,1.923,1.918,1.912,1.906,1.899,1.889,1.876,1.856,1.837,1.832,1.828,1.819,1.81,1.8,1.791,1.78,1.77,1.759
Norway,NOR,4.092,4.107,4.123,4.134,4.146,4.159,4.174,4.198,4.221,4.233,4.25,4.274,4.299,4.325,4.348,4.37,4.393,4.413,4.441,4.473,4.501,4.519,4.547,4.573,4.599,4.632,4.672,4.722,4.787,4.843,4.908,4.973,5.038,5.096,5.156,5.205,5.252,5.29,5.324,5.357,5.385,5.415,5.475,5.534,5.585,5.628,5.671,5.714,5.758,5.802,5.846
Oman,OMN,1.357,1.47,1.47,1.583,1.696,1.696,1.809,1.922,1.922,2.035,1.843,1.91,1.979,2.047,2.112,2.172,2.225,2.274,2.318,2.361,2.402,2.443,2.484,2.526,2.57,2.618,2.67,2.726,2.785,2.883,2.998,3.295,3.623,3.855,3.992,4.159,4.414,4.56,4.602,4.618,4.445,4.488,4.934,5.166,5.331,5.502,5.678,5.86,6.047,6.241,6.44
Pakistan,PAK,80.607,82.991,85.445,87.899,90.354,92.828,95.341,97.874,100.435,103.017,105.999,108.346,111.212,114.117,117.063,120.047,123.069,126.128,129.222,132.352,135.55,138.87,142.28,145.78,149.36,153.04,156.81,160.67,164.63,168.69,172.86,177.13,181.52,186.01,190.62,195.35,200.19,205.17,209.75,213.95,218.24,222.59,227,231.45,235.95,240.49,245.117,249.834,254.641,259.541,264.534
Palau,PLW,,,,,,,,,,,,,,,,,,,,,0.019,0.019,0.019,0.02,0.02,0.02,0.02,0.019,0.019,0.018,0.018,0.018,0.017,0.018,0.018,0.018,0.018,0.018,0.018,0.018,0.018,0.018,0.018,0.018,0.018,0.018,0.017,0.017,0.017,0.017,0.017
Panama,PAN,1.982,2.03,2.078,2.127,2.176,2.225,2.274,2.324,2.374,2.424,2.474,2.527,2.581,2.636,2.691,2.747,2.804,2.862,2.921,2.98,3.041,3.102,3.164,3.227,3.289,3.351,3.413,3.476,3.538,3.6,3.662,3.724,3.788,3.851,3.913,3.975,4.037,4.098,4.159,4.219,4.279,4.337,4.395,4.453,4.51,4.566,4.621,4.677,4.734,4.791,4.791
Papua New Guinea,PNG,2.96,3.04,3.11,3.18,3.25,3.33,3.4,3.35,3.45,3.6,3.758,3.875,4.181,4.288,4.401,4.52,4.64,4.761,4.883,5.006,5.13,5.256,5.384,5.515,5.647,5.781,5.917,6.056,6.196,6.339,6.738,7.254,7.615,7.993,8.39,8.807,9.245,9.704,10.186,10.693,11.224,11.782,12.029,12.282,12.539,12.803,13.072,13.346,13.626,13.913,14.205
Paraguay,PRY,2.986,3.076,3.168,3.263,3.36,3.461,3.56,3.663,3.767,3.874,3.982,4.09,4.199,4.308,4.417,4.526,4.634,4.741,4.848,4.952,5.054,5.148,5.227,5.295,5.358,5.419,5.478,5.533,5.586,5.641,5.701,5.775,5.855,5.939,6.026,6.114,6.204,6.294,6.383,6.472,6.559,6.649,6.719,6.802,6.887,6.972,7.055,7.136,7.215,7.294,7.37
Peru,PER,17.546,17.987,18.43,18.873,19.318,19.766,20.219,20.676,21.135,21.588,22.032,22.48,22.924,23.366,23.806,24.243,24.689,25.145,25.593,26.014,26.39,26.715,26.999,27.255,27.492,27.722,27.935,28.122,28.3,28.485,28.693,28.906,29.113,29.341,29.616,29.964,30.423,30.974,31.562,32.131,32.626,33.035,33.397,33.731,34.068,34.409,34.753,35.101,35.452,35.806,36.164
Philippines,PHL,47.88,49.089,50.318,51.586,52.864,54.172,55.49,56.877,58.165,59.553,60.94,62.36,63.82,65.32,66.84,68.41,71.9,73.53,75.36,76.99,76.95,78.61,80.27,81.91,83.55,85.17,86.79,88.39,89.98,91.56,93.14,94.7,96.25,97.79,99.31,100.83,102.53,104.17,105.76,107.29,109.2,110.08,110.94,111.91,113.17,114.374,115.59,116.82,118.062,119.318,120.587
Poland,POL,35.567,35.887,36.216,36.731,37.049,37.327,37.558,37.75,37.786,37.824,38.186,38.286,38.386,38.501,38.581,38.581,38.609,38.639,38.66,38.667,38.263,38.254,38.242,38.219,38.191,38.174,38.157,38.125,38.116,38.136,38.023,38.063,38.064,38.063,38.018,38.006,37.967,37.973,37.977,37.973,37.958,37.073,36.89,36.754,36.621,36.497,36.213,36.14,36.068,35.996,35.924
Portugal,PRT,9.766,9.851,9.912,9.958,9.996,10.024,10.033,10.03,10.02,10.005,9.983,9.96,9.952,9.965,9.992,10.026,10.064,10.109,10.16,10.218,10.29,10.363,10.42,10.459,10.484,10.503,10.522,10.543,10.558,10.568,10.573,10.575,10.531,10.474,10.42,10.382,10.357,10.34,10.335,10.354,10.385,10.408,10.469,10.578,10.683,10.757,10.73,10.703,10.676,10.654,10.633
Puerto Rico,PRI,3.203,3.229,3.257,3.286,3.317,3.349,3.382,3.417,3.454,3.492,3.528,3.551,3.575,3.6,3.627,3.655,3.685,3.716,3.748,3.782,3.811,3.819,3.824,3.826,3.827,3.821,3.805,3.783,3.761,3.74,3.722,3.679,3.634,3.593,3.535,3.474,3.411,3.3,3.2,3.2,3.159,3.2,3.2,3.206,3.177,3.175,3.174,3.172,3.171,3.169,3.168
Qatar,QAT,0.245,0.265,0.285,0.306,0.326,0.345,0.362,0.377,0.392,0.408,0.477,0.485,0.49,0.492,0.495,0.501,0.512,0.529,0.55,0.572,0.594,0.612,0.63,0.66,0.72,0.821,0.968,1.152,1.554,1.639,1.715,1.733,1.833,2.004,2.216,2.438,2.618,2.725,2.76,2.799,2.834,2.748,2.932,3.063,3.094,3.109,3.125,3.14,3.156,3.172,3.188
Romania,ROU,22.442,22.576,22.683,22.775,22.868,22.971,23.093,23.224,23.346,23.431,23.459,23.423,23.333,23.205,23.064,22.927,22.8,22.679,22.565,22.458,22.455,22.43,21.833,21.628,21.521,21.382,21.257,21.131,20.635,20.44,20.295,20.199,20.096,20.02,19.947,19.871,19.761,19.644,19.533,19.414,19.329,19.202,19.042,19.055,18.944,18.832,18.715,18.593,18.467,18.342,18.219
Russian Federation,RUS,,,,,,,,,,147.399,147.969,148.394,148.538,148.459,148.408,148.376,148.16,147.915,147.671,147.215,146.597,145.976,145.306,144.649,144.067,143.519,143.05,142.805,142.742,142.785,142.849,143.018,143.378,143.806,146.508,146.963,147.381,147.689,147.819,147.9,147.708,147.218,146.714,146.299,146.135,145.632,145.159,144.672,144.181,143.709,143.255
Rwanda,RWA,5.101,5.288,5.486,5.694,5.832,6.03,6.237,6.455,6.682,6.91,7.073,7.29,7.295,6.847,6.346,5.992,5.925,6.203,6.769,7.5,7.7,7.9,8.1,8.3,8.6,8.8,9,9.2,9.5,9.7,10,10.2,10.483,10.737,10.997,11.263,11.533,11.809,12.09,12.374,12.663,12.956,13.246,13.499,13.857,14.162,14.471,14.786,15.053,15.322,15.622
Saint Kitts and Nevis,KNA,0.043,0.043,0.043,0.042,0.042,0.042,0.042,0.041,0.041,0.041,0.041,0.04,0.04,0.041,0.042,0.042,0.043,0.043,0.044,0.044,0.045,0.046,0.046,0.046,0.046,0.046,0.046,0.047,0.047,0.047,0.047,0.047,0.048,0.048,0.048,0.049,0.049,0.049,0.05,0.05,0.051,0.051,0.051,0.051,0.051,0.052,0.052,0.052,0.052,0.052,0.052
Saint Lucia,LCA,0.121,0.122,0.124,0.125,0.127,0.129,0.131,0.133,0.135,0.137,0.138,0.14,0.142,0.144,0.146,0.148,0.15,0.153,0.155,0.157,0.159,0.16,0.162,0.163,0.164,0.165,0.167,0.168,0.169,0.17,0.171,0.172,0.173,0.173,0.174,0.175,0.176,0.176,0.177,0.178,0.178,0.179,0.179,0.179,0.18,0.182,0.183,0.184,0.185,0.186,0.187
Saint Vincent and the Grenadines,VCT,0.098,0.099,0.1,0.101,0.102,0.102,0.103,0.104,0.104,0.105,0.106,0.106,0.107,0.107,0.107,0.107,0.107,0.107,0.107,0.108,0.108,0.108,0.108,0.108,0.108,0.108,0.108,0.109,0.109,0.109,0.109,0.109,0.109,0.109,0.11,0.11,0.11,0.11,0.111,0.111,0.111,0.111,0.111,0.111,0.111,0.111,0.111,0.111,0.112,0.112,0.112
Samoa,WSM,,,,,,,,,,,,,,,,,,,0.173,0.174,0.174,0.175,0.176,0.177,0.179,0.18,0.181,0.182,0.183,0.185,0.186,0.187,0.189,0.191,0.192,0.193,0.195,0.197,0.2,0.205,0.202,0.204,0.207,0.209,0.211,0.212,0.213,0.214,0.216,0.217,0.218
San Marino,SMR,,,,,,,,,,,,,,,,,,,,,,,,,0.029,0.029,0.03,0.03,0.03,0.031,0.031,0.032,0.032,0.032,0.033,0.033,0.033,0.033,0.033,0.034,0.034,0.034,0.034,0.034,0.034,0.034,0.034,0.035,0.035,0.035,0.035
Saudi Arabia,SAU,8.419,8.841,9.283,9.748,10.235,10.748,11.285,11.85,12.443,13.066,13.72,14.442,14.812,15.192,15.582,15.981,16.391,16.811,17.242,17.684,18.138,18.603,19.08,19.569,20.071,20.586,21.113,21.655,22.21,22.78,23.978,25.092,26.169,27.624,28.309,29.816,30.954,30.977,30.196,30.064,31.553,30.784,32.175,33.703,35.3,36.006,36.726,37.461,38.21,38.974,39.754
Senegal,SEN,5.648,5.803,5.966,6.14,6.322,6.512,6.711,6.918,7.13,7.346,7.561,7.776,7.99,8.227,8.461,8.69,8.913,9.131,9.348,9.569,9.798,10.036,10.284,10.541,10.81,11.09,11.382,11.687,12.005,12.335,12.678,13.034,13.402,13.782,14.175,14.578,14.994,15.419,15.854,16.296,16.744,17.204,17.676,18.162,18.661,19.173,19.7,20.241,20.797,21.368,21.955
Serbia,SRB,,,,,,,,,,,,,,,,,,,,7.54,7.516,7.503,7.5,7.481,7.463,7.441,7.412,7.382,7.35,7.321,7.291,7.237,7.201,7.167,7.132,7.095,7.058,7.021,6.983,6.945,6.899,6.834,6.664,6.623,6.576,6.53,6.483,6.437,6.389,6.342,6.294
Seychelles,SYC,0.063,0.064,0.064,0.064,0.065,0.065,0.066,0.068,0.069,0.069,0.07,0.07,0.071,0.072,0.074,0.075,0.076,0.077,0.079,0.08,0.081,0.081,0.083,0.083,0.082,0.083,0.085,0.085,0.087,0.087,0.09,0.087,0.088,0.09,0.091,0.093,0.094,0.094,0.095,0.096,0.097,0.098,0.099,0.1,0.101,0.102,0.102,0.103,0.104,0.105,0.106
Sierra Leone,SLE,3.547,3.634,3.71,3.797,3.819,3.895,3.982,4.069,4.157,4.254,4.32,4.349,4.348,4.329,4.31,4.304,4.313,4.335,4.381,4.462,4.585,4.754,4.971,5.178,5.356,5.502,5.624,5.749,5.895,6.056,6.223,6.387,6.551,6.714,6.876,7.038,7.205,7.379,7.555,7.732,7.913,8.095,8.277,8.461,8.642,8.82,9.002,9.187,9.377,9.57,9.767
Singapore,SGP,2.414,2.533,2.646,2.681,2.732,2.736,2.733,2.775,2.846,2.931,3.047,3.135,3.231,3.313,3.419,3.525,3.671,3.796,3.927,3.959,4.028,4.138,4.176,4.115,4.167,4.266,4.401,4.589,4.839,4.988,5.077,5.184,5.312,5.399,5.47,5.535,5.607,5.612,5.639,5.704,5.686,5.454,5.637,5.918,6.037,6.077,6.121,6.169,6.221,6.265,6.314
Slovak Republic,SVK,,,,,,,,,,,,,,5.337,5.367,5.397,5.408,5.379,5.388,5.393,5.399,5.379,5.379,5.375,5.372,5.373,5.373,5.373,5.376,5.382,5.39,5.392,5.404,5.411,5.416,5.421,5.426,5.435,5.443,5.45,5.458,5.46,5.435,5.429,5.425,5.419,5.406,5.393,5.379,5.364,5.35
Slovenia,SVN,,,,,,,,,,,,,1.999,1.989,1.989,1.989,1.99,1.987,1.985,1.978,1.988,1.99,1.994,1.995,1.996,1.998,2.003,2.01,2.01,2.032,2.047,2.05,2.055,2.059,2.061,2.063,2.064,2.066,2.067,2.081,2.096,2.109,2.107,2.117,2.124,2.131,2.135,2.137,2.139,2.14,2.14
Solomon Islands,SLB,0.231,0.238,0.246,0.255,0.263,0.271,0.279,0.287,0.295,0.303,0.314,0.324,0.335,0.346,0.356,0.367,0.377,0.388,0.398,0.409,0.423,0.438,0.452,0.466,0.48,0.495,0.509,0.523,0.537,0.552,0.567,0.583,0.599,0.615,0.631,0.647,0.663,0.679,0.695,0.711,0.725,0.74,0.754,0.769,0.783,0.798,0.813,0.828,0.843,0.858,0.874
Somalia,SOM,,,,,,,,,,,,,,,,,,,,,,,,,,,,,,,,,11.846,12.178,12.519,12.87,13.23,13.6,13.981,14.373,14.775,15.189,15.614,16.051,16.501,16.963,17.438,17.926,18.428,18.944,19.474
South Africa,ZAF,29.08,29.83,30.61,31.41,32.21,32.98,33.73,34.46,35.2,35.97,36.79,37.69,38.65,39.62,40.56,41.43,42.21,42.92,43.58,44.23,44.9,45.724,46.573,47.005,47.505,48.061,48.642,49.265,49.936,50.654,51.405,52.217,53.068,53.94,54.83,55.711,56.543,57.366,58.233,59.131,60.003,60.642,61.356,62.18,63.016,63.957,64.912,65.882,66.866,67.864,68.878
South Sudan,SSD,,,,,,,,,,,,,,,,,,,,,,,,,,,,,,,,10.449,10.818,11.177,11.531,11.882,12.231,12.585,12.976,13.378,13.779,14.179,14.59,15.013,15.448,15.896,16.357,16.832,17.32,17.822,18.339
Spain,ESP,37.76,38.118,38.322,38.502,38.655,38.792,38.904,38.995,39.078,39.155,39.224,39.328,39.458,39.581,39.688,39.781,39.873,39.978,40.118,40.325,40.666,41.035,41.828,42.547,43.296,44.01,44.785,45.669,46.239,46.487,46.667,46.818,46.713,46.496,46.426,46.419,46.497,46.645,46.919,47.318,47.401,47.487,48.085,48.628,49.078,49.721,50.314,50.84,51.294,51.679,52.004
Sri Lanka,LKA,15.553,15.763,15.962,16.148,16.322,16.482,16.645,16.811,16.98,17.151,17.326,17.536,17.737,17.925,18.094,18.243,18.367,18.471,18.565,18.663,18.778,18.912,19.062,19.224,19.387,19.545,19.696,19.842,19.984,20.124,20.262,20.398,20.425,20.585,20.778,20.97,21.203,21.444,21.67,21.803,21.919,22.156,22.396,22.638,22.882,,,,,,
Sudan,SDN,18.68,19.24,19.8,20.36,21.311,21.908,22.521,23.152,23.6,24.2,25.75,26.53,27.32,28.13,28.95,27.95,28.6,29.2,29.8,30.4,31.1,31.9,32.7,33.6,34.474,35.3,36.218,37.159,38.126,39.117,40.134,32.661,35.056,36.164,37.289,38.435,39.599,40.783,41.985,43.222,44.345,45.498,46.681,47.895,49.14,50.418,51.729,53.074,54.454,55.87,57.322
Suriname,SUR,,,,,,,,,,,0.409,0.414,0.42,0.425,0.431,0.437,0.443,0.449,0.455,0.461,0.467,0.473,0.479,0.487,0.496,0.501,0.507,0.514,0.521,0.528,0.536,0.541,0.546,0.554,0.563,0.567,0.576,0.583,0.59,0.598,0.609,0.618,0.628,0.637,0.647,0.657,0.667,0.677,0.688,0.698,0.709
Sweden,SWE,8.318,8.323,8.327,8.331,8.343,8.358,8.382,8.414,8.459,8.527,8.591,8.644,8.692,8.745,8.816,8.837,8.844,8.848,8.854,8.861,8.883,8.909,8.941,8.976,9.011,9.048,9.113,9.183,9.256,9.341,9.416,9.483,9.556,9.645,9.747,9.851,9.995,10.12,10.23,10.328,10.379,10.452,10.522,10.552,10.588,10.676,10.76,10.839,10.913,10.983,11.049
Switzerland,CHE,6.304,6.335,6.373,6.41,6.428,6.456,6.485,6.523,6.567,6.62,6.674,6.757,6.843,6.908,6.969,7.019,7.062,7.081,7.096,7.124,7.164,7.198,7.256,7.314,7.364,7.415,7.459,7.509,7.593,7.702,7.786,7.87,7.955,8.039,8.14,8.238,8.327,8.42,8.484,8.545,8.606,8.67,8.739,8.815,8.962,9.029,9.093,9.158,9.223,9.288,9.354
Syria,SYR,9.129,9.444,9.758,10.084,10.419,10.776,11.133,11.511,11.899,12.298,12.721,13.102,13.484,13.865,14.241,14.61,14.973,15.334,15.702,16.091,16.511,16.961,17.438,17.952,18.512,19.121,19.596,20.083,20.581,21.092,21.393,,,,,,,,,,,,,,,,,,,,
S√£o Tom√© and Pr√≠ncipe,STP,0.091,0.093,0.095,0.098,0.1,0.103,0.106,0.109,0.112,0.115,0.118,0.122,0.125,0.127,0.129,0.131,0.134,0.136,0.139,0.141,0.144,0.146,0.15,0.154,0.158,0.162,0.166,0.17,0.174,0.178,0.182,0.186,0.189,0.193,0.197,0.2,0.204,0.207,0.21,0.213,0.217,0.222,0.226,0.231,0.236,0.24,0.245,0.25,0.255,0.26,0.265
Taiwan Province of China,TWN,17.866,18.194,18.516,18.791,19.069,19.314,19.509,19.725,19.954,20.157,20.401,20.606,20.803,20.995,21.178,21.357,21.525,21.743,21.929,22.092,22.277,22.406,22.521,22.605,22.689,22.77,22.877,22.958,23.037,23.12,23.162,23.225,23.316,23.374,23.434,23.492,23.54,23.571,23.589,23.603,23.561,23.375,23.265,23.42,23.4,23.38,23.36,23.34,23.32,23.299,23.279
Tajikistan,TJK,,,,,,,,,,,,5.506,5.536,5.573,5.607,5.668,5.735,5.822,5.939,6.115,6.216,6.327,6.448,6.577,6.713,6.854,7.001,7.152,7.31,7.473,7.642,7.816,7.995,8.178,8.363,8.549,8.735,8.921,9.107,9.292,9.475,9.657,9.836,10.013,10.188,10.36,10.53,10.698,10.864,11.029,11.194
Tanzania,TZA,18.034,18.601,19.187,19.791,20.402,21.036,21.68,22.336,23.016,23.737,24.507,25.336,26.216,27.116,27.997,28.829,29.603,30.33,31.014,31.751,32.544,33.406,34.328,35.302,36.314,37.354,38.421,39.522,40.64,41.824,43.06,44.348,45.688,47.076,48.511,49.989,51.51,53.074,54.68,56.322,58.001,59.73,61.51,63.343,65.231,67.175,69.177,71.239,73.362,75.548,77.8
Thailand,THA,47.374,48.326,49.256,50.174,51.095,52.027,52.98,53.946,54.892,55.772,56.558,57.232,57.811,58.338,58.875,59.467,60.13,60.847,61.585,62.299,62.953,63.539,64.069,64.55,64.995,65.416,65.813,66.182,66.531,66.867,67.195,67.518,67.836,68.145,68.439,68.715,68.971,69.21,69.428,69.626,69.8,69.951,70.078,70.183,70.266,70.329,70.372,70.394,70.397,70.4,70.4
Timor-Leste,TLS,,,,,,,,,,,,,,,,,,,,0.955,0.714,0.776,0.848,0.91,0.924,0.934,0.962,0.991,1.019,1.046,1.072,1.098,1.123,1.147,1.17,1.193,1.217,1.24,1.264,1.288,1.314,1.339,1.362,1.377,1.392,1.41,1.427,1.446,1.466,1.487,1.509
Togo,TGO,2.907,3.005,3.115,3.223,3.333,3.441,3.548,3.658,3.77,3.883,3.999,4.116,4.234,4.207,4.223,4.411,4.578,4.725,4.861,5,5.14,5.277,5.413,5.552,5.697,5.845,6.011,6.188,6.369,6.552,6.733,6.916,7.101,7.285,7.472,7.663,7.858,8.057,8.259,8.463,8.67,8.881,9.098,9.32,9.548,9.781,10.02,10.265,10.515,10.772,11.035
Tonga,TON,0.092,0.093,0.093,0.094,0.095,0.095,0.094,0.094,0.095,0.095,0.096,0.096,0.097,0.097,0.097,0.097,0.098,0.098,0.098,0.099,0.099,0.1,0.1,0.1,0.101,0.101,0.102,0.102,0.102,0.103,0.103,0.103,0.103,0.102,0.102,0.101,0.101,0.101,0.1,0.1,0.1,0.1,0.1,0.1,0.099,0.099,0.099,0.099,0.098,0.098,0.098
Trinidad and Tobago,TTO,1.085,1.102,1.12,1.138,1.155,1.17,1.183,1.195,1.204,1.213,1.221,1.229,1.237,1.244,1.25,1.254,1.258,1.26,1.262,1.264,1.267,1.272,1.277,1.284,1.29,1.296,1.303,1.308,1.314,1.321,1.328,1.336,1.345,1.354,1.362,1.37,1.378,1.384,1.39,1.395,1.399,1.407,1.414,1.421,1.428,1.435,1.442,1.448,1.455,1.461,1.468
Tunisia,TUN,6.451,6.633,6.795,6.956,7.037,7.269,7.552,7.713,7.845,7.986,8.233,8.418,8.603,8.785,8.957,9.114,9.256,9.384,9.499,9.604,9.699,9.786,9.864,9.94,10.018,10.102,10.196,10.298,10.407,10.522,10.64,10.761,10.887,11.015,11.144,11.274,11.403,11.532,11.659,11.783,11.903,12.019,12.129,12.235,12.336,12.432,12.523,12.609,12.691,12.768,12.842
Turkmenistan,TKM,,,,,,,,,,,,,4.112,4.154,4.262,4.358,4.441,4.512,4.574,4.63,4.684,4.736,4.787,4.837,4.887,4.94,4.996,5.055,5.117,5.181,5.268,5.361,5.459,5.56,5.663,5.766,5.869,5.968,6.065,6.158,6.25,6.342,6.431,6.516,6.598,6.677,6.753,6.826,6.897,6.967,7.035
Tuvalu,TUV,,,,,,,,,,,,,,,,,,,,,,,0.01,0.009,0.01,0.01,0.01,0.01,0.01,0.01,0.01,0.011,0.011,0.011,0.011,0.011,0.011,0.011,0.011,0.01,0.01,0.01,0.011,0.01,0.01,0.01,0.01,0.01,0.01,0.01,0.01
"Türkiye, Republic of",TUR,44.95,45.985,47.045,48.116,49.18,50.222,51.239,52.233,53.206,54.166,55.116,56.055,56.986,57.913,58.837,59.756,60.671,61.582,62.464,63.364,64.269,65.166,66.003,66.795,67.599,68.435,69.295,70.158,71.052,72.039,73.142,74.224,75.176,76.148,77.182,78.218,79.278,80.313,81.407,82.579,83.385,84.147,84.98,85.326,85.519,86.026,86.447,86.856,87.252,87.636,88.006
Uganda,UGA,11.264,11.607,11.962,12.335,12.734,13.169,13.641,14.147,14.679,15.227,15.782,16.343,16.873,17.447,18.021,18.595,19.214,19.832,20.45,21.113,21.82,22.526,23.277,24.116,24.956,25.795,26.678,27.606,28.578,29.549,30.521,31.537,32.548,33.51,34.477,35.492,36.561,37.674,38.823,39.823,41.222,42.46,43.799,45.222,46.623,48.022,49.706,51.948,54.013,55.633,57.302
Ukraine,UKR,,,,,,,,,,,51.624,51.708,51.87,51.715,51.3,50.874,50.4,49.974,49.545,49.115,48.664,48.241,47.823,47.442,47.101,46.749,46.466,46.192,45.963,45.783,45.598,45.453,45.373,45.246,42.76,42.591,42.415,42.217,41.984,41.733,41.419,40.998,34.511,34.026,33.343,32.862,33.383,34.006,33.981,33.957,33.936
United Arab Emirates,ARE,1.01,1.1,1.17,1.21,1.31,1.38,1.44,1.5,1.79,1.86,1.844,1.928,2.011,2.083,2.23,2.411,2.443,2.58,2.834,3.033,3.169,3.346,3.546,3.866,4.23,4.585,4.91,5.595,6.498,6.774,6.965,7.244,7.539,7.847,8.272,8.738,9.132,9.315,9.379,9.513,9.289,9.861,10.289,10.679,10.999,11.083,11.165,11.245,11.323,11.398,11.472
United Kingdom,GBR,56.33,56.358,56.291,56.316,56.409,56.554,56.684,56.804,56.916,57.077,57.238,57.439,57.585,57.714,57.862,58.025,58.164,58.314,58.475,58.684,58.886,59.113,59.366,59.637,59.95,60.413,60.827,61.319,61.824,62.261,62.76,63.285,63.705,64.106,64.597,65.11,65.648,66.04,66.436,66.797,67.081,67.026,67.596,68.265,69.226,69.868,70.414,70.862,71.208,71.548,71.88
United States,USA,227.622,229.916,232.128,234.246,236.307,238.416,240.593,242.751,244.968,247.286,250.047,253.392,256.777,260.146,263.325,266.458,269.581,272.822,276.022,279.195,282.296,285.216,288.019,290.733,293.389,296.115,298.93,301.903,304.718,307.374,309.737,311.944,314.167,316.331,318.619,320.926,323.221,325.28,327.023,328.547,331.307,332.453,334.273,337.014,340.102,341.698,342.594,344.099,345.606,347.236,348.955
Uruguay,URY,2.939,2.959,2.978,2.997,3.016,3.035,3.053,3.07,3.088,3.105,3.122,3.14,3.159,3.178,3.208,3.228,3.248,3.286,3.312,3.336,3.349,3.351,3.347,3.338,3.341,3.352,3.358,3.359,3.363,3.378,3.397,3.413,3.428,3.442,3.457,3.473,3.486,3.497,3.504,3.508,3.51,3.508,3.501,3.496,3.492,3.486,3.481,3.476,3.472,3.469,3.466
Uzbekistan,UZB,,,,,,,,,,,,,21.36,21.853,22.282,22.69,23.13,23.867,24.231,24.583,24.488,24.813,25.116,25.428,25.707,26.021,26.313,26.664,27.072,27.533,28.001,29.123,29.555,29.994,30.493,31.023,31.575,32.121,32.657,33.256,33.905,34.559,35.271,36.025,36.926,37.701,38.493,39.301,40.126,40.969,41.829
Vanuatu,VUT,0.115,0.119,0.123,0.126,0.13,0.135,0.139,0.141,0.145,0.146,0.148,0.151,0.154,0.157,0.164,0.169,0.173,0.177,0.182,0.187,0.191,0.195,0.2,0.204,0.209,0.214,0.219,0.224,0.229,0.234,0.24,0.245,0.251,0.257,0.263,0.269,0.272,0.279,0.285,0.292,0.302,0.312,0.323,0.334,0.345,0.357,0.369,0.382,0.395,0.409,0.423
Venezuela,VEN,14.952,15.41,15.868,16.316,16.773,17.241,17.45,17.888,18.336,18.784,19.411,19.879,20.347,20.815,21.283,21.751,22.219,22.676,23.13,23.593,24.394,24.803,25.212,25.622,26.033,26.445,26.858,27.273,27.689,28.106,28.524,28.944,29.365,29.786,30.206,30.62,30.714,30.442,28.903,27.817,27.951,27.586,26.917,26.74,26.561,26.674,26.887,,,,
Vietnam,VNM,54.18,55.31,56.4,57.47,58.57,59.71,60.92,62.3,63.5,64.774,67.513,68.766,70.002,71.223,72.43,73.627,74.815,75.991,77.167,78.333,79.395,80.469,81.534,82.302,83.063,83.833,84.618,85.42,86.243,87.092,87.968,87.86,88.809,89.76,90.729,91.713,92.695,93.672,94.666,96.484,97.583,98.506,99.462,100.309,101.3,102.161,102.937,103.615,104.243,104.862,105.43
West Bank and Gaza,PSE,,,,,,,,,,,,,,2.184,2.317,2.483,2.631,2.783,2.872,2.962,3.053,3.138,3.225,3.315,3.407,3.508,3.612,3.719,3.821,3.922,4.023,4.125,4.226,4.328,4.429,4.53,4.632,4.733,4.854,4.977,5.101,5.227,5.355,5.483,5.613,,,,,,
Yemen,YEM,,,,,,,,,,,13.888,14.43,14.989,15.564,16.149,16.74,17.313,17.874,18.446,19.029,19.624,20.226,20.835,21.456,22.095,22.79,23.543,24.318,25.112,25.928,26.754,27.583,28.434,29.313,30.226,31.159,32.109,33.091,34.085,35.111,36.135,37.14,38.223,39.391,40.583,41.774,42.962,44.146,45.324,46.498,47.668
Zambia,ZMB,5.551,5.733,5.918,6.103,6.291,6.481,6.676,6.876,7.083,7.301,7.53,7.761,7.992,8.224,8.474,8.684,8.902,9.133,9.372,9.621,9.891,10.192,10.508,10.838,11.188,11.565,11.972,12.402,12.853,13.318,13.792,14.266,14.745,15.235,15.738,16.248,16.768,17.298,17.836,18.38,18.928,19.473,20.018,20.57,21.135,21.707,22.286,22.874,23.469,24.07,24.676
Zimbabwe,ZWE,7.092,7.3,7.606,7.849,8.099,8.385,8.648,8.919,9.199,9.488,9.786,10.093,10.41,10.776,11.147,11.523,11.905,11.786,11.756,11.724,11.693,11.663,11.632,11.64,11.73,11.83,12.01,12.04,12.12,12.23,12.34,12.459,13.061,13.43,13.778,14.075,14.371,14.668,14.968,15.268,15.582,15.904,16.229,16.624,16.993,17.36,17.729,18.104,18.488,18.882,19.285
Africa (Region),,450.724,463.576,476.985,490.801,504.895,520.452,535.139,549.92,564.914,581.856,603.979,621.184,641.087,659.81,677.317,693.227,711.037,729.674,747.681,766.403,785.757,805.586,826.218,847.264,869.019,891.222,914.306,938.643,964.294,990.112,1016.366,1044.775,1074.772,1103.497,1132.955,1162.208,1191.991,1224.71,1255.153,1285.996,1313.249,1343.893,1374.901,1406.144,1440.052,1473.611,1508.242,1544.151,1580.6,1617.372,1656.679
Asia and Pacific,,2434.121,2479.319,2527.174,2573.203,2619.708,2668.295,2718.572,2770.656,2822.221,2873.79,2932.922,2992.981,3095.936,3144.753,3192.217,3240.582,3290.29,3338.047,3429.884,3476.992,3520.212,3585.977,3631.422,3676.055,3719.574,3762.538,3804.455,3845.324,3886.147,3927.685,3969.784,4015.077,4060.681,4104.305,4148.683,4189.744,4233.811,4275.547,4313.693,4350.915,4383.971,4411.587,4438.223,4465.476,4493.094,4473.983,4497.88,4521.337,4544.113,4566.218,4587.698
Australia and New Zealand,,17.91,18.164,18.438,18.663,18.888,19.143,19.411,19.696,20.019,20.303,20.576,20.875,21.09,21.293,21.515,21.795,22.064,22.293,22.521,22.757,23.001,23.273,23.557,23.855,24.135,24.448,24.813,25.242,25.738,26.171,26.525,26.908,27.339,27.745,28.16,28.597,29.102,29.574,30.047,30.497,30.699,30.858,31.41,32.153,32.69,33.066,33.466,33.856,34.251,34.651,35.055
Caribbean,,10.941,11.187,11.362,11.546,11.691,11.861,12.099,12.253,12.361,12.515,13.123,13.295,13.483,13.687,13.904,14.108,14.311,14.516,14.72,14.92,15.12,15.315,15.499,15.68,15.864,16.049,16.242,16.439,16.639,16.844,17.047,17.246,17.447,17.652,17.858,18.06,18.267,18.47,18.674,18.877,19.079,19.279,19.468,19.667,19.868,20.072,20.278,20.486,20.696,20.909,21.125
Central America,,25.51,26.11,26.703,27.303,27.921,28.567,29.238,29.928,30.635,31.346,32.057,32.771,33.5,34.256,39.311,40.198,41.078,41.959,42.823,43.686,44.421,45.317,46.139,46.956,47.768,48.57,49.29,50.056,50.836,51.634,52.423,53.196,54.08,54.851,55.612,56.362,57.116,57.869,58.592,59.302,60.004,60.714,61.437,62.196,62.962,63.702,64.441,65.189,65.934,66.688,67.393
Central Asia and the Caucasus,,44.95,45.985,47.045,48.116,49.18,50.222,51.239,52.233,53.206,54.166,58.626,70.524,125.83,127.081,127.074,128.305,129.595,131.078,132.29,133.772,134.777,156.254,158.546,161.604,163.98,166.437,169.093,171.29,173.634,176.841,179.8,183.717,186.992,190.207,193.68,197.053,200.319,203.648,207.045,210.592,213.913,217.183,220.484,223.809,226.899,185.543,187.472,189.415,191.354,193.294,195.251
East Asia,,1164.869,1180.44,1198.093,1213.402,1228.526,1244.93,1262.804,1281.993,1300.465,1318.4,1337.869,1354.005,1368.684,1383.317,1397.765,1411.61,1425.394,1438.791,1451.097,1462.167,1472.661,1482.341,1491.287,1499.661,1507.705,1515.656,1523.029,1530.248,1537.434,1544.191,1551.034,1560.074,1570.326,1578.536,1588.009,1595.112,1604.536,1612.382,1617.806,1622.486,1624.15,1624.048,1622.68,1620.318,1618.367,1614.549,1610.743,1606.857,1602.658,1598.12,1593.3
Eastern Europe ,,80.198,80.728,81.238,81.903,82.359,82.765,83.134,83.456,83.603,232.682,299.935,300.708,310.43,315.25,314.444,327.443,330.226,329.248,328.199,334.658,333.569,331.905,329.973,328.458,327.168,325.846,324.718,323.845,322.922,322.487,321.859,321.381,321.295,321.272,321.137,321.124,321.015,320.737,320.281,319.802,318.966,316.496,308.66,307.519,306.29,304.656,303.999,303.614,302.567,301.546,300.547
Europe,,446.897,448.821,450.093,451.325,452.209,453.248,454.412,455.505,456.887,607.658,677.362,680.385,691.821,698.22,698.607,712.61,716.343,716.236,716.036,723.531,723.891,723.854,724.057,724.599,725.605,726.729,727.85,729.349,730.705,732.044,733.097,734.447,735.687,736.822,738.383,740.193,741.873,742.986,743.961,744.915,744.911,742.576,737.064,738.982,740.347,740.886,742.078,743.286,743.599,743.805,743.943
Middle East (Region),,68.903,71.593,74.262,77.126,80.142,83.16,86.394,89.045,91.876,94.689,111.208,114.922,117.674,124.112,127.245,130.406,133.337,136.413,139.429,142.291,145.445,148.746,152.157,182.296,186.752,191.179,196.108,201.431,206.965,211.547,216.657,200.34,205.374,211.675,218.618,224.56,230.227,234.373,237.298,240.765,245.159,247.493,253.706,259.596,265.289,269.937,274.642,279.406,284.216,289.068,293.966
North Africa,,88.091,90.649,93.237,95.843,98.448,101.503,104.248,106.749,109.597,112.182,113.042,115.478,117.938,120.988,123.399,125.908,128.326,130.731,133.005,135.343,137.851,140.133,142.403,144.765,147.086,149.462,152.043,154.534,157.469,160.436,163.541,166.481,170.143,173.556,177.165,180.683,184.111,189.754,193.07,196.272,198.95,201.718,204.467,207.275,210.549,213.827,217.114,220.409,223.745,227.123,232.221
North America,,323.368,327.645,331.837,335.903,339.908,343.953,348.071,352.231,356.455,360.883,365.71,371.057,376.429,381.763,386.865,391.883,396.841,401.843,406.694,411.43,416.123,420.745,425.318,429.749,434.085,438.51,443.15,448.073,452.954,457.727,462.174,466.367,470.526,474.554,478.592,482.445,486.272,489.852,493.229,496.518,500.673,502.858,506.299,511.324,516.697,519.81,521.739,524.264,526.951,529.793,532.679
Pacific Islands ,,4.09,4.199,4.301,4.399,4.498,4.603,4.693,4.658,4.773,4.948,5.128,5.265,5.592,5.721,5.859,5.998,6.142,6.286,6.607,6.754,6.904,7.055,7.21,7.369,7.528,7.69,7.852,8.021,8.185,8.356,8.786,9.331,9.719,10.125,10.55,10.995,11.459,11.958,12.473,13.014,13.573,14.165,14.447,14.735,15.028,15.327,15.631,15.942,16.259,16.583,16.914
South America,,236.908,242.523,247.843,253.111,258.502,263.096,268.141,273.345,278.557,283.715,291.122,296.418,301.736,307.026,312.239,317.327,324.595,329.653,334.789,339.765,346.073,350.624,355.028,359.318,363.544,367.738,371.895,375.935,379.919,383.895,387.917,391.616,395.4,399.213,403.104,407.091,410.809,414.245,416.774,420.096,424.21,426.901,428.82,431.26,433.752,436.366,439.003,441.572,444.077,446.532,448.939
South Asia,,879.301,900.745,922.57,944.88,967.692,990.861,1014.415,1038.243,1062.31,1086.707,1111.753,1136.214,1161.266,1186.456,1211.539,1236.771,1262.281,1287.9,1313.622,1339.383,1365.301,1391.585,1417.642,1443.199,1468.674,1493.557,1517.839,1541.619,1564.834,1588.445,1612.542,1636.527,1660.21,1683.841,1706.942,1729.512,1752.364,1775.066,1796.64,1817.38,1837.581,1856.241,1874.225,1893.313,1912.632,1932.073,1951.387,1970.537,1989.472,2008.179,2026.665
Southeast Asia,,323.001,329.786,336.727,343.744,350.924,358.536,366.011,373.834,381.447,389.266,398.97,406.099,413.474,420.886,428.465,436.103,444.815,451.699,503.747,512.159,517.568,525.469,533.181,540.368,547.553,554.751,561.829,568.903,576.321,583.682,591.097,598.521,606.094,613.851,621.342,628.474,636.032,642.919,649.683,656.946,664.054,669.092,674.977,681.148,687.478,693.425,699.18,704.73,710.118,715.391,720.513
Sub-Saharan Africa (Region) ,,362.632,372.927,383.748,394.959,406.447,418.949,430.891,443.171,455.316,469.674,490.937,505.706,523.15,538.822,553.919,567.319,582.71,598.943,614.675,631.06,647.906,665.453,683.815,702.499,721.934,741.759,762.263,784.109,806.825,829.677,852.825,878.294,904.629,929.941,955.79,981.525,1007.881,1034.956,1062.083,1089.724,1114.3,1142.175,1170.434,1198.869,1229.504,1259.784,1291.127,1323.742,1356.854,1390.249,1424.458
Western Europe,,366.699,368.093,368.854,369.422,369.851,370.482,371.279,372.05,373.283,374.975,377.427,379.677,381.391,382.97,384.163,385.167,386.117,386.988,387.837,388.873,390.322,391.95,394.084,396.141,398.438,400.882,403.132,405.504,407.782,409.557,411.238,413.067,414.392,415.55,417.246,419.069,420.859,422.25,423.68,425.113,425.945,426.08,428.404,431.463,434.057,436.23,438.079,439.672,441.032,442.26,443.395
Western Hemisphere (Region),,596.726,607.465,617.745,627.863,638.022,647.478,657.548,667.757,678.008,688.46,702.012,713.541,725.148,736.731,752.32,763.516,776.825,787.971,799.026,809.801,821.738,832.001,841.984,851.704,861.261,870.867,880.577,890.503,900.349,910.098,919.561,928.425,937.453,946.27,955.166,963.958,972.464,980.435,987.268,994.792,1003.965,1009.752,1016.024,1024.447,1033.279,1039.949,1045.46,1051.511,1057.658,1063.922,1070.136
ASEAN-5,,259.044,264.582,270.19,275.807,281.522,287.413,293.331,299.428,305.49,311.666,318.192,323.629,329.307,335.025,340.854,346.838,353.928,359.222,364.787,370.066,373.69,379.617,385.432,391.11,396.902,402.727,408.391,414.018,419.956,425.796,431.642,438.455,444.334,450.365,456.092,461.448,467.239,472.37,477.371,482.054,487.337,490.74,495.027,499.766,504.537,509.071,513.515,517.869,522.129,526.3,530.39
Advanced economies,,824.057,830.387,835.978,841.06,845.785,850.59,855.495,860.445,865.965,873.631,885.451,893.573,905.265,917.309,923.432,943.3,949.297,955.196,960.823,966.512,972.542,978.991,985.285,991.252,997.311,1003.497,1009.896,1016.651,1023.408,1029.216,1034.538,1040.143,1044.826,1049.205,1054.266,1059.482,1064.875,1069.229,1073.527,1077.688,1081.581,1082.353,1087.769,1095.776,1102.898,1107.017,1109.661,1112.642,1115.603,1118.605,1121.607
Emerging and Developing Asia,,2110.422,2149.927,2192.047,2232.522,2273.598,2316.946,2362.115,2409.087,2455.509,2502.013,2552.213,2596.456,2639.769,2682.991,2726.091,2768.86,2812.77,2854.685,2940.932,2982.377,3020.206,3059.98,3098.757,3135.991,3172.825,3209,3243.568,3277.39,3310.753,3344.216,3378.353,3414.232,3451.474,3486.792,3522.395,3554.606,3589.688,3622.636,3652.24,3681.245,3706.94,3727.643,3746.395,3765.178,3785.149,3803.091,3820.676,3837.75,3854.056,3869.632,3884.473
Emerging and Developing Europe,,125.148,126.713,128.283,130.019,131.538,132.987,134.372,135.688,136.81,285.295,348.975,350.398,356.468,357.045,357.308,357.46,361.197,361.163,361.134,368.493,369.987,369.43,368.467,367.839,367.513,367.126,366.932,366.973,366.927,367.467,368.033,368.767,369.667,370.644,371.626,372.691,373.674,374.49,375.15,375.818,375.787,374.283,366.978,366.067,364.924,363.822,363.629,363.724,363.15,362.588,362.037
Emerging market and developing economies,,3173.315,3240.387,3310.28,3379.259,3449.191,3522.043,3596.57,3672.437,3747.94,3972.822,4142.032,4229.44,4366.402,4446.317,4524.275,4597.147,4678.641,4753.3,4871.388,4952.663,5026.15,5119.258,5192.689,5292.834,5367.189,5441.37,5515.783,5591.032,5667.517,5744.755,5823.45,5885.477,5983.55,6068.113,6154.64,6236.625,6321.277,6404.965,6480.365,6556.598,6626.966,6690.636,6750.232,6817.383,6888.112,6910.76,6978.53,7047.429,7115.468,7183.186,7252.757
Euro area,,304.624,306.028,307.041,307.787,308.27,308.741,309.353,310.183,310.976,312.195,313.614,315.044,316.206,317.668,318.767,319.538,320.26,320.981,323.292,323.901,324.873,325.743,327.131,328.935,330.736,332.622,334.222,335.805,337.758,339.2,340.069,339.446,340.292,340.885,341.551,342.258,343.445,344.142,344.809,345.712,346.64,346.718,347.13,348.567,350.177,351.38,352.417,353.275,353.994,354.612,355.14
European Union,,377.272,379.066,380.29,381.386,382.084,382.873,383.805,384.652,385.793,388.848,395.877,398.095,404.052,410.458,411.094,425.381,425.886,426.358,426.692,427.29,427.873,428.691,429.71,431.034,432.645,434.244,435.735,437.273,438.366,439.342,439.909,440.704,441.208,441.622,442.355,443.283,444.109,444.69,445.394,446.186,446.478,445.22,446.345,448.55,449.798,450.74,451.398,452.081,452.622,453.043,453.379
Latin America and the Caribbean,,341.431,349.535,357.278,364.995,372.821,379.9,387.506,395.191,402.835,410.467,420.805,428.612,436.472,444.333,456.408,464.14,473.99,481.566,489.131,496.457,504.984,511.995,518.833,525.543,532.146,538.728,545.313,551.969,558.671,565.402,572.143,578.504,584.988,591.314,597.622,603.881,609.779,615.361,620.035,625.49,631.501,635.877,639.685,644.259,648.856,653.507,658.129,662.639,667.029,671.33,675.491
Major advanced economies (G7),,613.516,617.545,621.121,624.431,627.548,630.892,634.421,637.902,641.873,646.413,652.009,657.744,662.897,667.901,672.323,676.615,680.824,685.092,689.22,693.287,697.549,701.852,706.05,710.166,714.292,718.595,722.681,726.933,731.162,734.976,738.639,742.516,745.82,749.162,752.96,756.754,760.515,763.44,766.051,768.397,771.444,772.121,775.417,780.26,785.287,787.653,788.705,790.225,791.783,793.493,795.237
Middle East and Central Asia,,252.362,260.525,268.725,277.124,286.098,295.169,304.208,312.453,321.07,329.573,357.438,377.456,440.586,454.042,462.35,470.24,479.576,489.23,498.491,507.944,517.528,547.754,559.063,598.204,610.982,623.887,637.673,651.592,666.402,681.14,696.355,682.565,712.169,730.006,749.017,766.976,784.576,803.131,817.771,832.575,847.919,861.399,878.771,896.365,914.392,886.66,902.498,918.566,934.87,951.416,969.902
Other advanced economies,,112.56,114.089,115.636,117.012,118.267,119.403,120.51,121.721,123.038,124.335,125.734,127.301,128.713,130.074,131.49,143.28,144.758,146.037,147.22,148.299,149.59,151.133,152.089,152.952,153.888,154.801,156.063,157.396,159.086,160.555,161.827,163.185,164.548,165.768,167.09,168.405,169.775,170.865,172.054,173.249,173.665,173.514,174.838,176.684,177.809,178.584,179.386,180.176,180.992,181.771,182.578
Sub-Saharan Africa,,343.952,353.687,363.948,374.599,385.136,397.041,408.37,420.019,431.716,445.474,462.601,476.519,493.107,507.907,522.118,536.447,551.109,566.656,581.699,597.393,613.445,630.1,647.568,665.258,683.724,702.629,722.298,743.108,764.764,786.53,808.566,841.409,865.252,889.357,913.981,938.47,963.559,989.348,1015.17,1041.47,1064.819,1091.434,1118.403,1145.514,1174.792,1203.681,1233.598,1264.75,1296.363,1328.22,1360.853
World,,3997.372,4070.774,4146.259,4220.319,4294.976,4372.633,4452.066,4532.882,4613.905,4846.453,5027.483,5123.013,5271.667,5363.626,5447.707,5540.447,5627.938,5708.496,5832.211,5919.175,5998.692,6098.249,6177.974,6284.086,6364.501,6444.867,6525.679,6607.683,6690.925,6773.971,6857.987,6925.619,7028.375,7117.319,7208.906,7296.107,7386.151,7474.195,7553.892,7634.287,7708.547,7772.989,7838.001,7913.159,7991.01,8017.777,8088.191,8160.071,8231.071,8301.791,8374.363
,,,,,,,,,,,,,,,,,,,,,,,,,,,,,,,,,,,,,,,,,,,,,,,,,,,,
"©IMF, 2025",,,,,,,,,,,,,,,,,,,,,,,,,,,,,,,,,,,,,,,,,,,,,,,,,,,,